scheme,platform_utility
B1,845.8199999999988
B2,3557.1600000000008
B3,3430.3100000000013
B4,3465.3500000000004
OURS,2571.1100000000006
