{
  "total_rounds": 24,
  "total_cost": 3384.1999999999994,
  "remaining_budget": 1615.800000000001,
  "selected_workers": [
    "088",
    "138",
    "079",
    "128",
    "144",
    "094",
    "034",
    "083",
    "101",
    "103",
    "125",
    "102",
    "078",
    "144",
    "010",
    "045",
    "083",
    "064",
    "102",
    "046",
    "088",
    "084",
    "000",
    "073",
    "020",
    "143",
    "063",
    "084",
    "062",
    "068",
    "094",
    "088",
    "000",
    "008",
    "025",
    "147",
    "116",
    "062",
    "013",
    "145",
    "130",
    "084",
    "102",
    "067",
    "015",
    "062",
    "047",
    "013",
    "084",
    "089",
    "098",
    "153",
    "137",
    "100",
    "102",
    "151",
    "124",
    "026",
    "044",
    "109",
    "129",
    "033",
    "024",
    "009",
    "117",
    "060",
    "067",
    "062",
    "086",
    "155",
    "050",
    "062",
    "047",
    "109",
    "016",
    "086",
    "024",
    "144",
    "136",
    "106",
    "124",
    "055",
    "000",
    "023",
    "050",
    "047",
    "013",
    "103",
    "131",
    "098",
    "017",
    "109",
    "155",
    "134",
    "124",
    "119",
    "130",
    "152",
    "044",
    "128",
    "137",
    "053",
    "121",
    "016",
    "098",
    "147",
    "116",
    "059",
    "131",
    "125",
    "144",
    "055",
    "151",
    "023",
    "131",
    "067",
    "109",
    "013",
    "004",
    "053",
    "069",
    "094",
    "039",
    "011",
    "009",
    "033",
    "060",
    "144",
    "123",
    "122",
    "044",
    "023",
    "152",
    "128",
    "088",
    "094",
    "145",
    "039",
    "069",
    "067",
    "084",
    "056",
    "031",
    "040",
    "127",
    "137",
    "077",
    "044",
    "128",
    "137",
    "059",
    "005",
    "088",
    "094",
    "053",
    "097",
    "076",
    "131",
    "099",
    "079",
    "074",
    "056",
    "145",
    "041",
    "018",
    "134",
    "006",
    "022",
    "035",
    "005",
    "033",
    "139",
    "076",
    "128",
    "021",
    "056",
    "117",
    "041",
    "090",
    "147",
    "022",
    "096",
    "080",
    "005",
    "112",
    "088",
    "097",
    "046",
    "142",
    "135",
    "140",
    "038",
    "130",
    "126",
    "099",
    "090",
    "006",
    "114",
    "029",
    "097",
    "125",
    "080",
    "041",
    "126",
    "018",
    "147",
    "077",
    "028",
    "122",
    "006",
    "096",
    "133",
    "031",
    "095",
    "099",
    "038",
    "149",
    "115",
    "112",
    "128",
    "021",
    "074",
    "028",
    "140",
    "046",
    "061",
    "126",
    "149",
    "080",
    "079",
    "071",
    "074",
    "021",
    "104",
    "105",
    "129",
    "031",
    "040",
    "072",
    "017",
    "135",
    "149",
    "002",
    "028",
    "005",
    "088",
    "021",
    "072",
    "139",
    "006",
    "128",
    "074",
    "095",
    "094",
    "088",
    "151",
    "046",
    "117",
    "079",
    "126",
    "084",
    "102",
    "084",
    "051"
  ],
  "init_select": 156,
  "later_select": 264,
  "covered_task_count": 192,
  "trusted_count": 106,
  "malicious_count": 25,
  "unknown_count": 25,
  "trusted_workers_list": [
    "024",
    "139",
    "134",
    "039",
    "091",
    "118",
    "143",
    "009",
    "040",
    "093",
    "001",
    "037",
    "060",
    "106",
    "004",
    "101",
    "033",
    "107",
    "131",
    "074",
    "034",
    "130",
    "088",
    "046",
    "044",
    "094",
    "023",
    "055",
    "065",
    "061",
    "054",
    "019",
    "154",
    "142",
    "128",
    "008",
    "053",
    "092",
    "122",
    "052",
    "080",
    "084",
    "102",
    "109",
    "072",
    "129",
    "029",
    "069",
    "041",
    "013",
    "149",
    "117",
    "095",
    "014",
    "089",
    "051",
    "111",
    "145",
    "152",
    "022",
    "077",
    "043",
    "082",
    "042",
    "141",
    "133",
    "140",
    "126",
    "103",
    "020",
    "079",
    "012",
    "105",
    "075",
    "000",
    "036",
    "135",
    "087",
    "064",
    "062",
    "098",
    "137",
    "006",
    "049",
    "155",
    "038",
    "021",
    "148",
    "144",
    "115",
    "083",
    "025",
    "059",
    "058",
    "067",
    "015",
    "104",
    "146",
    "112",
    "047",
    "003",
    "116",
    "123",
    "056",
    "011",
    "124"
  ]
}