{
  "platform_utility": 2669.290000000003,
  "total_rounds": 0,
  "total_cost": 3546.6700000000005,
  "remaining_budget": 6453.330000000001,
  "selected_workers": [],
  "init_select": 156,
  "later_select": 0,
  "covered_task_count": 165,
  "trusted_count": 115,
  "malicious_count": 28,
  "unknown_count": 13,
  "trusted_workers_list": [
    "099",
    "003",
    "111",
    "130",
    "128",
    "059",
    "129",
    "014",
    "103",
    "144",
    "145",
    "039",
    "122",
    "098",
    "109",
    "073",
    "121",
    "154",
    "061",
    "086",
    "084",
    "055",
    "104",
    "123",
    "077",
    "152",
    "083",
    "010",
    "021",
    "078",
    "151",
    "008",
    "124",
    "147",
    "018",
    "093",
    "076",
    "139",
    "028",
    "071",
    "095",
    "108",
    "027",
    "102",
    "136",
    "072",
    "137",
    "081",
    "091",
    "013",
    "075",
    "126",
    "042",
    "074",
    "132",
    "088",
    "131",
    "020",
    "119",
    "112",
    "063",
    "066",
    "007",
    "087",
    "037",
    "133",
    "000",
    "004",
    "030",
    "100",
    "043",
    "038",
    "048",
    "106",
    "019",
    "056",
    "097",
    "065",
    "089",
    "149",
    "044",
    "120",
    "134",
    "052",
    "082",
    "054",
    "022",
    "155",
    "138",
    "090",
    "080",
    "005",
    "002",
    "143",
    "024",
    "153",
    "094",
    "070",
    "057",
    "118",
    "101",
    "067",
    "045",
    "035",
    "146",
    "115",
    "032",
    "135",
    "069",
    "141",
    "116",
    "011",
    "012",
    "060",
    "006"
  ],
  "total_fee": 472.0,
  "round_details": [
    {
      "round": 0,
      "member_set": [
        "090",
        "126",
        "088",
        "129",
        "153",
        "072",
        "091"
      ],
      "non_member_set": [
        "034",
        "038",
        "051",
        "055",
        "079",
        "111",
        "117",
        "119",
        "130",
        "138"
      ],
      "R_m": 0,
      "R_n": 10.35,
      "member_count": 7,
      "non_member_count": 10
    },
    {
      "round": 1,
      "member_set": [],
      "non_member_set": [
        "018",
        "019",
        "030",
        "045",
        "051",
        "055",
        "057",
        "073",
        "074",
        "082",
        "083",
        "084",
        "101",
        "111",
        "119",
        "130",
        "144",
        "147",
        "155"
      ],
      "R_m": 44.77,
      "R_n": 8.62,
      "member_count": 7,
      "non_member_count": 19
    },
    {
      "round": 2,
      "member_set": [
        "045",
        "111",
        "018",
        "082",
        "143",
        "020",
        "101",
        "078",
        "081"
      ],
      "non_member_set": [
        "031",
        "046",
        "051",
        "064",
        "083",
        "102",
        "150",
        "155"
      ],
      "R_m": 33.96,
      "R_n": 7.58,
      "member_count": 14,
      "non_member_count": 8
    },
    {
      "round": 3,
      "member_set": [
        "102",
        "130",
        "057",
        "038",
        "134"
      ],
      "non_member_set": [
        "017"
      ],
      "R_m": 31.32,
      "R_n": 8.3,
      "member_count": 8,
      "non_member_count": 1
    },
    {
      "round": 4,
      "member_set": [
        "090",
        "073",
        "074",
        "129",
        "084",
        "019"
      ],
      "non_member_set": [
        "000",
        "079",
        "103"
      ],
      "R_m": 31.89,
      "R_n": 8.76,
      "member_count": 9,
      "non_member_count": 3
    },
    {
      "round": 5,
      "member_set": [
        "116",
        "126",
        "103",
        "012",
        "060",
        "072",
        "000"
      ],
      "non_member_set": [
        "003",
        "051",
        "052",
        "058",
        "062",
        "068",
        "079",
        "125",
        "140"
      ],
      "R_m": 35.03,
      "R_n": 8.3,
      "member_count": 11,
      "non_member_count": 9
    },
    {
      "round": 6,
      "member_set": [
        "013",
        "039",
        "003",
        "111",
        "043",
        "147",
        "119",
        "143",
        "044",
        "052",
        "020",
        "145",
        "078",
        "027",
        "091"
      ],
      "non_member_set": [
        "008",
        "025",
        "033",
        "051",
        "058",
        "062",
        "068",
        "148"
      ],
      "R_m": 35.18,
      "R_n": 8.3,
      "member_count": 23,
      "non_member_count": 8
    },
    {
      "round": 7,
      "member_set": [
        "008",
        "067",
        "102",
        "100",
        "098",
        "063",
        "057",
        "054",
        "048",
        "088",
        "089",
        "032",
        "134"
      ],
      "non_member_set": [
        "024",
        "025",
        "047",
        "051",
        "053",
        "058",
        "062",
        "068",
        "079",
        "094",
        "124",
        "138",
        "148"
      ],
      "R_m": 33.8,
      "R_n": 8.99,
      "member_count": 32,
      "non_member_count": 13
    },
    {
      "round": 8,
      "member_set": [
        "094",
        "045",
        "124",
        "130",
        "024",
        "129",
        "151",
        "004"
      ],
      "non_member_set": [
        "025",
        "031",
        "047",
        "051",
        "058",
        "062",
        "068",
        "079",
        "137",
        "138",
        "148"
      ],
      "R_m": 35.63,
      "R_n": 8.99,
      "member_count": 33,
      "non_member_count": 11
    },
    {
      "round": 9,
      "member_set": [
        "090",
        "116",
        "126",
        "103",
        "037",
        "136",
        "106",
        "153",
        "072",
        "120"
      ],
      "non_member_set": [
        "014",
        "015",
        "025",
        "047",
        "050",
        "051",
        "058",
        "062",
        "068",
        "079"
      ],
      "R_m": 35.43,
      "R_n": 8.99,
      "member_count": 25,
      "non_member_count": 10
    },
    {
      "round": 10,
      "member_set": [
        "043",
        "123",
        "143",
        "020",
        "078",
        "137",
        "119"
      ],
      "non_member_set": [
        "011",
        "014",
        "047",
        "053",
        "150"
      ],
      "R_m": 34.74,
      "R_n": 9.41,
      "member_count": 14,
      "non_member_count": 5
    },
    {
      "round": 11,
      "member_set": [
        "063",
        "128",
        "059",
        "000",
        "008",
        "100",
        "057",
        "118",
        "019",
        "027",
        "067",
        "102",
        "073",
        "086",
        "084",
        "044",
        "134",
        "091",
        "075",
        "131"
      ],
      "non_member_set": [
        "031",
        "033",
        "125",
        "140",
        "148"
      ],
      "R_m": 33.97,
      "R_n": 9.41,
      "member_count": 28,
      "non_member_count": 5
    },
    {
      "round": 12,
      "member_set": [
        "039",
        "098",
        "111",
        "054",
        "144",
        "024",
        "060",
        "014",
        "052"
      ],
      "non_member_set": [
        "011",
        "015",
        "025",
        "051",
        "055",
        "108",
        "125",
        "140"
      ],
      "R_m": 33.85,
      "R_n": 8.99,
      "member_count": 16,
      "non_member_count": 8
    },
    {
      "round": 13,
      "member_set": [
        "090",
        "037",
        "129",
        "094",
        "018",
        "038",
        "048",
        "145",
        "106",
        "122",
        "121",
        "061",
        "089",
        "072",
        "069",
        "116",
        "011",
        "126",
        "012",
        "088",
        "077",
        "152"
      ],