{
  "total_rounds": 23,
  "total_cost": 3206.399999999996,
  "remaining_budget": 1793.6000000000015,
  "selected_workers": [
    "138",
    "088",
    "126",
    "084",
    "030",
    "073",
    "147",
    "055",
    "034",
    "045",
    "081",
    "078",
    "088",
    "084",
    "046",
    "057",
    "125",
    "010",
    "140",
    "079",
    "151",
    "129",
    "083",
    "064",
    "088",
    "102",
    "128",
    "130",
    "078",
    "020",
    "094",
    "057",
    "088",
    "084",
    "126",
    "074",
    "073",
    "090",
    "120",
    "143",
    "072",
    "019",
    "103",
    "031",
    "144",
    "134",
    "094",
    "138",
    "088",
    "126",
    "045",
    "072",
    "078",
    "091",
    "090",
    "020",
    "062",
    "068",
    "016",
    "058",
    "150",
    "145",
    "062",
    "013",
    "068",
    "148",
    "128",
    "008",
    "039",
    "094",
    "033",
    "025",
    "038",
    "053",
    "039",
    "138",
    "128",
    "074",
    "033",
    "084",
    "102",
    "073",
    "062",
    "147",
    "000",
    "124",
    "038",
    "137",
    "062",
    "008",
    "013",
    "094",
    "039",
    "138",
    "123",
    "125",
    "067",
    "044",
    "098",
    "079",
    "058",
    "129",
    "148",
    "145",
    "004",
    "151",
    "155",
    "145",
    "152",
    "062",
    "050",
    "013",
    "047",
    "063",
    "074",
    "130",
    "045",
    "091",
    "119",
    "153",
    "031",
    "147",
    "137",
    "053",
    "011",
    "050",
    "013",
    "052",
    "033",
    "074",
    "124",
    "031",
    "024",
    "123",
    "047",
    "050",
    "037",
    "017",
    "098",
    "121",
    "053",
    "152",
    "124",
    "150",
    "015",
    "046",
    "063",
    "131",
    "011",
    "067",
    "122",
    "053",
    "145",
    "047",
    "044",
    "106",
    "075",
    "068",
    "079",
    "129",
    "128",
    "074",
    "016",
    "104",
    "128",
    "041",
    "134",
    "056",
    "057",
    "029",
    "077",
    "117",
    "080",
    "112",
    "035",
    "095",
    "153",
    "139",
    "076",
    "022",
    "110",
    "000",
    "005",
    "073",
    "130",
    "070",
    "117",
    "077",
    "095",
    "074",
    "056",
    "144",
    "127",
    "055",
    "150",
    "099",
    "018",
    "006",
    "096",
    "065",
    "022",
    "005",
    "080",
    "115",
    "114",
    "122",
    "094",
    "076",
    "041",
    "097",
    "028",
    "130",
    "140",
    "091",
    "147",
    "149",
    "112",
    "115",
    "105",
    "097",
    "021",
    "103",
    "102",
    "020",
    "085",
    "150",
    "022",
    "005",
    "112",
    "080",
    "066",
    "105",
    "104",
    "088",
    "031",
    "097",
    "061",
    "084",
    "102",
    "103",
    "057",
    "046",
    "155",
    "130",
    "071",
    "021",
    "120",
    "153",
    "074",
    "138",
    "028",
    "045",
    "071",
    "104",
    "079",
    "021",
    "084",
    "114",
    "065",
    "143",
    "147",
    "031",
    "114",
    "065",
    "139",
    "078",
    "028",
    "031",
    "091"
  ],
  "init_select": 156,
  "later_select": 269,
  "covered_task_count": 151
}