{
  "platform_utility": 3473.2500000000005,
  "trusted_task_ratio": 0.8418079096045198,
  "total_rounds": 0,
  "total_cost": 1588.4,
  "remaining_budget": 8411.600000000002,
  "selected_workers": [],
  "init_select": 156,
  "later_select": 0,
  "covered_task_count": 177,
  "trusted_count": 107,
  "malicious_count": 33,
  "unknown_count": 16,
  "trusted_workers_list": [
    "065",
    "106",
    "117",
    "102",
    "042",
    "020",
    "084",
    "087",
    "047",
    "074",
    "038",
    "134",
    "127",
    "089",
    "107",
    "148",
    "048",
    "059",
    "021",
    "093",
    "076",
    "046",
    "141",
    "006",
    "140",
    "075",
    "031",
    "001",
    "152",
    "077",
    "015",
    "130",
    "135",
    "000",
    "090",
    "098",
    "052",
    "036",
    "014",
    "037",
    "040",
    "094",
    "110",
    "072",
    "009",
    "124",
    "024",
    "088",
    "153",
    "053",
    "068",
    "145",
    "126",
    "139",
    "080",
    "115",
    "082",
    "151",
    "039",
    "121",
    "043",
    "128",
    "003",
    "138",
    "119",
    "142",
    "069",
    "034",
    "137",
    "149",
    "101",
    "095",
    "067",
    "146",
    "070",
    "123",
    "091",
    "055",
    "092",
    "062",
    "079",
    "060",
    "155",
    "144",
    "022",
    "109",
    "005",
    "004",
    "029",
    "025",
    "044",
    "118",
    "011",
    "112",
    "012",
    "143",
    "023",
    "103",
    "147",
    "105",
    "033",
    "131",
    "066",
    "013",
    "081",
    "056",
    "054"
  ],
  "total_fee": 220.0,
  "round_details": [
    {
      "round": 0,
      "member_set": [
        "155",
        "101",
        "074"
      ],
      "non_member_set": [
        "034",
        "083",
        "094",
        "117",
        "147"
      ],
      "R_m": 24.8,
      "R_n": 8.5,
      "member_count": 3,
      "non_member_count": 5
    },
    {
      "round": 1,
      "member_set": [
        "079",
        "055",
        "046",
        "144",
        "102",
        "140"
      ],
      "non_member_set": [
        "034",
        "057",
        "078",
        "103",
        "125",
        "129",
        "130",
        "150",
        "151"
      ],
      "R_m": 26.45,
      "R_n": 10.27,
      "member_count": 6,
      "non_member_count": 9
    },
    {
      "round": 2,
      "member_set": [
        "091",
        "088",
        "143",
        "072",
        "126",
        "082"
      ],
      "non_member_set": [
        "010",
        "018",
        "020",
        "045",
        "051",
        "064",
        "078",
        "081",
        "083",
        "111",
        "120",
        "150"
      ],
      "R_m": 27.02,
      "R_n": 10.17,
      "member_count": 9,
      "non_member_count": 12
    },
    {
      "round": 3,
      "member_set": [
        "084"
      ],
      "non_member_set": [
        "018",
        "019",
        "073"
      ],
      "R_m": 23.52,
      "R_n": 0,
      "member_count": 1,
      "non_member_count": 3
    },
    {
      "round": 4,
      "member_set": [
        "147",
        "020"
      ],
      "non_member_set": [
        "078",
        "125",
        "150"
      ],
      "R_m": 27.56,
      "R_n": 0,
      "member_count": 5,
      "non_member_count": 3
    },
    {
      "round": 5,
      "member_set": [],
      "non_member_set": [
        "000",
        "003",
        "008",
        "012",
        "019",
        "045",
        "051",
        "052",
        "053",
        "058",
        "060",
        "062",
        "063",
        "068",
        "073",
        "094",
        "111",
        "116",
        "138"
      ],
      "R_m": 27.77,
      "R_n": 9.73,
      "member_count": 7,
      "non_member_count": 19
    },
    {
      "round": 6,
      "member_set": [
        "124"
      ],
      "non_member_set": [
        "003",
        "004",
        "008",
        "012",
        "013",
        "019",
        "025",
        "033",
        "051",
        "052",
        "058",
        "060",
        "062",
        "063",
        "068",
        "073",
        "111",
        "116",
        "128",
        "130",
        "145",
        "148"
      ],
      "R_m": 30.3,
      "R_n": 10.59,
      "member_count": 7,
      "non_member_count": 22
    },
    {
      "round": 7,
      "member_set": [
        "089",
        "134",
        "067",
        "098"
      ],
      "non_member_set": [
        "003",
        "008",
        "012",
        "013",
        "015",
        "019",
        "025",
        "027",
        "032",
        "039",
        "044",
        "047",
        "051",
        "052",
        "053",
        "054",
        "057",
        "058",
        "060",
        "062",
        "063",
        "068",
        "073",
        "078",
        "094",
        "100",
        "109",
        "111",
        "116",
        "137",
        "138",
        "145",
        "148",
        "151",
        "153"
      ],
      "R_m": 23.7,
      "R_n": 10.1,
      "member_count": 12,
      "non_member_count": 35
    },
    {
      "round": 8,
      "member_set": [
        "123",
        "155",
        "033",
        "148",
        "102"
      ],
      "non_member_set": [
        "004",
        "008",
        "013",
        "017",
        "019",
        "024",
        "025",
        "026",
        "032",
        "044",
        "047",
        "048",
        "051",
        "052",
        "054",
        "058",
        "062",
        "068",
        "073",
        "100",
        "103",
        "111",
        "116",
        "119",
        "120",
        "125",
        "128",
        "129"
      ],
      "R_m": 22.36,
      "R_n": 10.61,
      "member_count": 10,
      "non_member_count": 28
    },
    {
      "round": 9,
      "member_set": [
        "106",
        "009",
        "060",
        "109"
      ],
      "non_member_set": [
        "003",
        "004",
        "008",
        "012",
        "013",
        "019",
        "025",
        "031",
        "039",
        "043",
        "047",
        "050",
        "051",
        "052",
        "054",
        "057",
        "058",
        "062",
        "063",
        "068",
        "073",
        "086",
        "094",
        "100",
        "111",
        "116",
        "136",
        "138"
      ],
      "R_m": 23.51,
      "R_n": 10.16,
      "member_count": 16,
      "non_member_count": 28
    },
    {
      "round": 10,
      "member_set": [
        "079",
        "037",
        "131",
        "069",
        "003",
        "044",
        "023"
      ],
      "non_member_set": [
        "004",
        "007",
        "012",
        "013",
        "017",
        "025",
        "039",
        "043",
        "047",
        "048",
        "050",
        "051",
        "052",
        "054",
        "057",
        "063",
        "068",
        "094",
        "111",
        "116",
        "119",
        "121",
        "129",
        "136",
        "138"
      ],
      "R_m": 24.3,
      "R_n": 10.56,
      "member_count": 15,
      "non_member_count": 25
    },
    {
      "round": 11,
      "member_set": [
        "140",
        "000",
        "024"
      ],
      "non_member_set": [
        "004",
        "012",
        "013",
        "014",
        "015",
        "025",
        "039",
        "050",
        "051",
        "052",
        "054",
        "059",
        "062",
        "068",
        "094",
        "100",
        "111",
        "116",
        "121",
        "125",
        "128",
        "136",
        "137",
        "138"
      ],
      "R_m": 26.73,
      "R_n": 8.11,
      "member_count": 11,
      "non_member_count": 24
    },
    {
      "round": 12,
      "member_set": [
        "059",
        "055",
        "084",
        "013",
        "144",
        "118"
      ],