{
  "total_rounds": 23,
  "total_cost": 2648.9,
  "platform_utility": 833.6099999999997,
  "trusted_task_ratio": 0.4649122807017544,
  "remaining_budget": 2351.0999999999976,
  "selected_workers": [
    "129",
    "090",
    "078",
    "079",
    "072",
    "126",
    "111",
    "073",
    "034",
    "138",
    "078",
    "140",
    "020",
    "125",
    "090",
    "140",
    "051",
    "143",
    "125",
    "126",
    "031",
    "045",
    "140",
    "051",
    "111",
    "125",
    "046",
    "126",
    "052",
    "103",
    "038",
    "153",
    "091",
    "008",
    "111",
    "058",
    "134",
    "079",
    "046",
    "052",
    "098",
    "068",
    "004",
    "042",
    "079",
    "048",
    "150",
    "125",
    "024",
    "138",
    "000",
    "074",
    "094",
    "016",
    "052",
    "067",
    "012",
    "088",
    "148",
    "089",
    "137",
    "102",
    "155",
    "150",
    "152",
    "051",
    "025",
    "054",
    "050",
    "116",
    "131",
    "094",
    "053",
    "050",
    "084",
    "025",
    "116",
    "131",
    "128",
    "051",
    "111",
    "089",
    "116",
    "004",
    "111",
    "014",
    "150",
    "117",
    "094",
    "145",
    "045",
    "097",
    "078",
    "024",
    "155",
    "143",
    "000",
    "150",
    "005",
    "033",
    "048",
    "126",
    "021",
    "111",
    "029",
    "051",
    "110",
    "154",
    "031",
    "134",
    "102",
    "115",
    "097",
    "076",
    "077",
    "029",
    "028",
    "006",
    "134",
    "138",
    "018",
    "028",
    "133",
    "154",
    "070",
    "139",
    "105",
    "018",
    "061",
    "078",
    "031",
    "020",
    "041",
    "112",
    "120",
    "105",
    "046",
    "066",
    "102",
    "153",
    "021",
    "147",
    "144",
    "125",
    "065",
    "040",
    "080",
    "144",
    "051",
    "085",
    "002",
    "149",
    "073",
    "095",
    "094",
    "000",
    "084",
    "107",
    "153",
    "119",
    "095"
  ],
  "init_select": 156,
  "later_select": 161,
  "covered_task_count": 114,
  "round_details": [
    {
      "round": 0,
      "recruited_workers": [
        "129",
        "090",
        "078",
        "079",
        "072",
        "126",
        "111"
      ],
      "recruited_count": 7
    },
    {
      "round": 1,
      "recruited_workers": [
        "073",
        "034",
        "138",
        "078",
        "140",
        "020",
        "125"
      ],
      "recruited_count": 7
    },
    {
      "round": 2,
      "recruited_workers": [
        "090",
        "140",
        "051",
        "143",
        "125",
        "126",
        "031"
      ],
      "recruited_count": 7
    },
    {
      "round": 3,
      "recruited_workers": [
        "045",
        "140",
        "051",
        "111",
        "125",
        "046",
        "126"
      ],
      "recruited_count": 7
    },
    {
      "round": 4,
      "recruited_workers": [
        "052",
        "103",
        "038",
        "153",
        "091",
        "008",
        "111"
      ],
      "recruited_count": 7
    },
    {
      "round": 5,
      "recruited_workers": [
        "058",
        "134",
        "079",
        "046",
        "052",
        "098",
        "068"
      ],
      "recruited_count": 7
    },
    {
      "round": 6,
      "recruited_workers": [
        "004",
        "042",
        "079",
        "048",
        "150",
        "125",
        "024"
      ],
      "recruited_count": 7
    },
    {
      "round": 7,
      "recruited_workers": [
        "138",
        "000",
        "074",
        "094",
        "016",
        "052",
        "067"
      ],
      "recruited_count": 7
    },
    {
      "round": 8,
      "recruited_workers": [
        "012",
        "088",
        "148",
        "089",
        "137",
        "102",
        "155"
      ],
      "recruited_count": 7
    },
    {
      "round": 9,
      "recruited_workers": [
        "150",
        "152",
        "051",
        "025",
        "054",
        "050",
        "116"
      ],
      "recruited_count": 7
    },
    {
      "round": 10,
      "recruited_workers": [
        "131",
        "094",
        "053",
        "050",
        "084",
        "025",
        "116"
      ],
      "recruited_count": 7
    },
    {
      "round": 11,
      "recruited_workers": [
        "131",
        "128",
        "051",
        "111",
        "089",
        "116",
        "004"
      ],
      "recruited_count": 7
    },
    {
      "round": 12,
      "recruited_workers": [
        "111",
        "014",
        "150",
        "117",
        "094",
        "145",
        "045"
      ],
      "recruited_count": 7
    },
    {
      "round": 13,
      "recruited_workers": [
        "097",
        "078",
        "024",
        "155",
        "143",
        "000",
        "150"
      ],
      "recruited_count": 7
    },
    {
      "round": 14,
      "recruited_workers": [
        "005",
        "033",
        "048",
        "126",
        "021",
        "111",
        "029"
      ],
      "recruited_count": 7
    },
    {
      "round": 15,
      "recruited_workers": [
        "051",
        "110",
        "154",
        "031",
        "134",
        "102",
        "115"
      ],
      "recruited_count": 7
    },
    {
      "round": 16,
      "recruited_workers": [
        "097",
        "076",
        "077",
        "029",
        "028",
        "006",
        "134"
      ],
      "recruited_count": 7
    },
    {
      "round": 17,
      "recruited_workers": [
        "138",
        "018",
        "028",
        "133",
        "154",
        "070",
        "139"
      ],
      "recruited_count": 7
    },
    {
      "round": 18,
      "recruited_workers": [
        "105",
        "018",
        "061",
        "078",
        "031",
        "020",
        "041"
      ],
      "recruited_count": 7
    },
    {
      "round": 19,
      "recruited_workers": [
        "112",
        "120",
        "105",
        "046",
        "066",
        "102",
        "153"
      ],
      "recruited_count": 7
    },
    {
      "round": 20,
      "recruited_workers": [
        "021",
        "147",
        "144",
        "125",
        "065",
        "040",
        "080"
      ],
      "recruited_count": 7
    },
    {
      "round": 21,
      "recruited_workers": [
        "144",
        "051",
        "085",
        "002",
        "149",
        "073",
        "095"
      ],
      "recruited_count": 7
    },
    {
      "round": 22,
      "recruited_workers": [
        "094",
        "000",
        "084",
        "107",
        "153",
        "119",
        "095"
      ],
      "recruited_count": 7
    }
  ]
}