{
  "total_rounds": 15,
  "total_cost": 117845.20000000001,
  "remaining_budget": 154.80000000000038,
  "selected_workers": [
    "v00_078",
    "v00_021",
    "v00_037",
    "v00_081",
    "v02_358",
    "v00_057",
    "v00_030",
    "v01_173",
    "v05_760",
    "v01_185",
    "v05_858",
    "v05_865",
    "v05_802",
    "v00_122",
    "v02_358",
    "v01_215",
    "v04_713",
    "v00_113",
    "v03_454",
    "v02_322",
    "v04_607",
    "v01_188",
    "v03_587",
    "v04_658",
    "v05_856",
    "v04_712",
    "v03_463",
    "v04_625",
    "v01_185",
    "v05_777",
    "v03_457",
    "v02_327",
    "v02_394",
    "v02_317",
    "v03_538",
    "v01_259",
    "v05_860",
    "v03_553",
    "v01_185",
    "v04_684",
    "v02_391",
    "v01_241",
    "v04_643",
    "v03_577",
    "v02_399"
  ],
  "init_select": 886,
  "later_select": 45,
  "covered_task_count": 115
}