{
  "total_rounds": 23,
  "total_cost": 1410.4999999999998,
  "remaining_budget": 3589.4999999999986,
  "selected_workers": [
    "088",
    "138",
    "084",
    "078",
    "034",
    "138",
    "084",
    "140",
    "083",
    "017",
    "045",
    "088",
    "094",
    "078",
    "140",
    "045",
    "088",
    "126",
    "084",
    "046",
    "078",
    "140",
    "128",
    "058",
    "126",
    "103",
    "144",
    "038",
    "143",
    "062",
    "074",
    "045",
    "089",
    "098",
    "046",
    "042",
    "004",
    "024",
    "067",
    "039",
    "106",
    "074",
    "045",
    "000",
    "155",
    "109",
    "137",
    "123",
    "037",
    "039",
    "144",
    "155",
    "050",
    "152",
    "044",
    "011",
    "120",
    "027",
    "063",
    "050",
    "023",
    "053",
    "067",
    "130",
    "063",
    "145",
    "013",
    "137",
    "033",
    "117",
    "023",
    "047",
    "141",
    "103",
    "077",
    "053",
    "115",
    "074",
    "118",
    "059",
    "024",
    "145",
    "056",
    "005",
    "033",
    "006",
    "080",
    "028",
    "017",
    "084",
    "134",
    "006",
    "077",
    "134",
    "149",
    "112",
    "133",
    "115",
    "142",
    "105",
    "074",
    "001",
    "149",
    "114",
    "115",
    "142",
    "097",
    "046",
    "006",
    "065",
    "021",
    "102",
    "085",
    "072",
    "149",
    "065",
    "095",
    "088",
    "126",
    "102",
    "072",
    "114",
    "095",
    "094",
    "072",
    "051"
  ],
  "init_select": 156,
  "later_select": 126,
  "covered_task_count": 151,
  "trusted_count": 110,
  "malicious_count": 30,
  "unknown_count": 16,
  "trusted_workers_list": [
    "024",
    "123",
    "095",
    "064",
    "038",
    "015",
    "050",
    "053",
    "074",
    "079",
    "088",
    "148",
    "061",
    "102",
    "043",
    "069",
    "130",
    "044",
    "020",
    "049",
    "045",
    "097",
    "146",
    "073",
    "091",
    "124",
    "135",
    "014",
    "111",
    "118",
    "093",
    "001",
    "037",
    "042",
    "054",
    "065",
    "062",
    "023",
    "021",
    "046",
    "033",
    "133",
    "004",
    "047",
    "128",
    "137",
    "003",
    "078",
    "092",
    "082",
    "059",
    "041",
    "100",
    "039",
    "071",
    "145",
    "051",
    "025",
    "067",
    "098",
    "155",
    "096",
    "034",
    "142",
    "103",
    "141",
    "068",
    "022",
    "009",
    "057",
    "072",
    "013",
    "085",
    "140",
    "109",
    "134",
    "006",
    "084",
    "094",
    "056",
    "144",
    "055",
    "000",
    "060",
    "029",
    "040",
    "019",
    "138",
    "114",
    "107",
    "012",
    "066",
    "106",
    "131",
    "077",
    "119",
    "101",
    "036",
    "027",
    "152",
    "083",
    "105",
    "149",
    "011",
    "087",
    "126",
    "117",
    "115",
    "143",
    "089"
  ],
  "total_fee": 206.0,
  "round_details": [
    {
      "round": 0,
      "member_set": [
        "082",
        "084",
        "091",
        "079",
        "126",
        "088",
        "072"
      ],
      "non_member_set": [
        "018",
        "019",
        "030",
        "051",
        "073",
        "078",
        "090",
        "094",
        "111",
        "119",
        "129",
        "130",
        "138",
        "153"
      ],
      "R_m": 24.62,
      "R_n": 8.68,
      "member_count": 7,
      "non_member_count": 14
    },
    {
      "round": 1,
      "member_set": [
        "140",
        "019"
      ],
      "non_member_set": [
        "020",
        "030",
        "034",
        "045",
        "057",
        "073",
        "078",
        "083",
        "094",
        "125",
        "138",
        "143",
        "151"
      ],
      "R_m": 24.75,
      "R_n": 11.03,
      "member_count": 3,
      "non_member_count": 13
    },
    {
      "round": 2,
      "member_set": [
        "102",
        "038",
        "134",
        "020",
        "111",
        "143",
        "083",
        "078"
      ],
      "non_member_set": [
        "017",
        "018",
        "031",
        "045",
        "051",
        "057",
        "064",
        "074",
        "090",
        "094",
        "125",
        "138"
      ],
      "R_m": 24.52,
      "R_n": 8.42,
      "member_count": 14,
      "non_member_count": 12
    },
    {
      "round": 3,
      "member_set": [
        "046",
        "103"
      ],
      "non_member_set": [
        "031",
        "045",
        "051",
        "073",
        "125",
        "129"
      ],
      "R_m": 23.97,
      "R_n": 8.78,
      "member_count": 16,
      "non_member_count": 6
    },
    {
      "round": 4,
      "member_set": [
        "144",
        "051",
        "155",
        "055"
      ],
      "non_member_set": [
        "008",
        "052",
        "058",
        "128",
        "153"
      ],
      "R_m": 24.86,
      "R_n": 8.4,
      "member_count": 11,
      "non_member_count": 5
    },
    {
      "round": 5,
      "member_set": [
        "098",
        "089"
      ],
      "non_member_set": [
        "003",
        "012",
        "013",
        "015",
        "016",
        "027",
        "045",
        "048",
        "052",
        "057",
        "058",
        "060",
        "062",
        "068",
        "074",
        "100",
        "116",
        "129",
        "147",
        "150",
        "153"
      ],
      "R_m": 28.46,
      "R_n": 11.06,
      "member_count": 10,
      "non_member_count": 21
    },
    {
      "round": 6,
      "member_set": [
        "024"
      ],
      "non_member_set": [
        "004",
        "031",
        "042",
        "048",
        "125",
        "129",
        "150"
      ],
      "R_m": 23.36,
      "R_n": 11.53,
      "member_count": 4,
      "non_member_count": 7
    },
    {
      "round": 7,
      "member_set": [
        "000",
        "067",
        "124",
        "106"
      ],
      "non_member_set": [
        "003",
        "012",
        "016",
        "027",
        "039",
        "043",
        "045",
        "052",
        "074",
        "094",
        "132",
        "138"
      ],
      "R_m": 26.53,
      "R_n": 8.52,
      "member_count": 6,
      "non_member_count": 12
    },
    {
      "round": 8,
      "member_set": [
        "084",
        "033",
        "073",
        "123",
        "137",
        "148",
        "019"
      ],
      "non_member_set": [
        "003",
        "012",
        "026",
        "037",
        "039",
        "044",
        "048",
        "052",
        "094",
        "100",
        "109",
        "119",
        "129",
        "138",
        "145",
        "150"
      ],
      "R_m": 25.42,
      "R_n": 9.75,
      "member_count": 19,
      "non_member_count": 16
    },
    {
      "round": 9,
      "member_set": [
        "011",
        "027"
      ],
      "non_member_set": [
        "004",
        "013",
        "025",
        "043",
        "044",
        "047",
        "050",
        "054",
        "116",
        "120",
        "128",
        "145",
        "150",
        "151",
        "152"
      ],
      "R_m": 25.65,
      "R_n": 8.15,
      "member_count": 8,
      "non_member_count": 15
    },
    {
      "round": 10,
      "member_set": [
        "091",
        "130"
      ],
      "non_member_set": [
        "003",
        "004",
        "012",
        "013",
        "014",
        "023",
        "025",
        "039",
        "043",
        "047",
        "050",
        "052",
        "053",
        "054",
        "057",
        "059",
        "063",
        "068",
        "094",
        "116",
        "131",
        "136",
        "138"
      ],
      "R_m": 34.2,
      "R_n": 11.32,
      "member_count": 23,
      "non_member_count": 23
    },
    {
      "round": 11,
      "member_set": [
        "155"
      ],