{
  "total_rounds": 23,
  "platform_utility": 3295.4800000000005,
  "trusted_task_ratio": 0.4968944099378882,
  "total_cost": 1484.5,
  "remaining_budget": 3515.5,
  "selected_workers": [
    "088",
    "138",
    "084",
    "078",
    "119",
    "034",
    "125",
    "138",
    "084",
    "057",
    "083",
    "017",
    "045",
    "088",
    "125",
    "094",
    "090",
    "045",
    "088",
    "125",
    "126",
    "084",
    "046",
    "078",
    "008",
    "128",
    "058",
    "126",
    "103",
    "153",
    "144",
    "062",
    "074",
    "045",
    "027",
    "016",
    "089",
    "098",
    "042",
    "004",
    "024",
    "031",
    "150",
    "067",
    "039",
    "106",
    "074",
    "045",
    "027",
    "000",
    "109",
    "026",
    "137",
    "123",
    "037",
    "039",
    "144",
    "050",
    "152",
    "044",
    "011",
    "120",
    "027",
    "150",
    "063",
    "050",
    "023",
    "053",
    "067",
    "130",
    "063",
    "145",
    "013",
    "137",
    "033",
    "117",
    "023",
    "047",
    "141",
    "120",
    "151",
    "077",
    "122",
    "053",
    "115",
    "076",
    "074",
    "118",
    "145",
    "056",
    "005",
    "033",
    "133",
    "035",
    "006",
    "080",
    "028",
    "017",
    "041",
    "006",
    "077",
    "028",
    "076",
    "096",
    "149",
    "112",
    "080",
    "112",
    "142",
    "105",
    "074",
    "001",
    "149",
    "112",
    "114",
    "142",
    "097",
    "046",
    "006",
    "065",
    "080",
    "071",
    "005",
    "099",
    "104",
    "149",
    "065",
    "139",
    "095",
    "088",
    "005",
    "002",
    "114",
    "095",
    "094",
    "154",
    "072"
  ],
  "init_select": 156,
  "later_select": 137,
  "covered_task_count": 161,
  "round_details": [
    {
      "round": 0,
      "recruited_workers": [
        "088",
        "138",
        "084",
        "078",
        "119"
      ],
      "completed_tasks": 5
    },
    {
      "round": 1,
      "recruited_workers": [
        "034",
        "125",
        "138",
        "084",
        "057"
      ],
      "completed_tasks": 10
    },
    {
      "round": 2,
      "recruited_workers": [
        "083",
        "017",
        "045",
        "088",
        "125",
        "094",
        "090"
      ],
      "completed_tasks": 18
    },
    {
      "round": 3,
      "recruited_workers": [
        "045",
        "088",
        "125",
        "126",
        "084",
        "046",
        "078"
      ],
      "completed_tasks": 29
    },
    {
      "round": 4,
      "recruited_workers": [
        "008",
        "128",
        "058",
        "126",
        "103",
        "153",
        "144"
      ],
      "completed_tasks": 37
    },
    {
      "round": 5,
      "recruited_workers": [
        "062",
        "074",
        "045",
        "027",
        "016",
        "089",
        "098"
      ],
      "completed_tasks": 47
    },
    {
      "round": 6,
      "recruited_workers": [
        "042",
        "004",
        "024",
        "031",
        "150"
      ],
      "completed_tasks": 52
    },
    {
      "round": 7,
      "recruited_workers": [
        "067",
        "039",
        "106",
        "074",
        "045",
        "027",
        "000"
      ],
      "completed_tasks": 60
    },
    {
      "round": 8,
      "recruited_workers": [
        "109",
        "026",
        "137",
        "123",
        "037",
        "039",
        "144"
      ],
      "completed_tasks": 68
    },
    {
      "round": 9,
      "recruited_workers": [
        "050",
        "152",
        "044",
        "011",
        "120",
        "027",
        "150"
      ],
      "completed_tasks": 76
    },
    {
      "round": 10,
      "recruited_workers": [
        "063",
        "050",
        "023",
        "053",
        "067",
        "130"
      ],
      "completed_tasks": 82
    },
    {
      "round": 11,
      "recruited_workers": [
        "063",
        "145",
        "013",
        "137",
        "033"
      ],
      "completed_tasks": 88
    },
    {
      "round": 12,
      "recruited_workers": [
        "117",
        "023",
        "047",
        "141",
        "120",
        "151"
      ],
      "completed_tasks": 95
    },
    {
      "round": 13,
      "recruited_workers": [
        "077",
        "122",
        "053",
        "115",
        "076",
        "074",
        "118"
      ],
      "completed_tasks": 104
    },
    {
      "round": 14,
      "recruited_workers": [
        "145",
        "056",
        "005",
        "033",
        "133"
      ],
      "completed_tasks": 110
    },
    {
      "round": 15,
      "recruited_workers": [
        "035",
        "006",
        "080",
        "028",
        "017",
        "041"
      ],
      "completed_tasks": 117
    },
    {
      "round": 16,
      "recruited_workers": [
        "006",
        "077",
        "028",
        "076"
      ],
      "completed_tasks": 121
    },
    {
      "round": 17,
      "recruited_workers": [
        "096",
        "149",
        "112"
      ],
      "completed_tasks": 124
    },
    {
      "round": 18,
      "recruited_workers": [
        "080",
        "112",
        "142",
        "105",
        "074"
      ],
      "completed_tasks": 130
    },
    {
      "round": 19,
      "recruited_workers": [
        "001",
        "149",
        "112",
        "114",
        "142",
        "097",
        "046"
      ],
      "completed_tasks": 137
    },
    {
      "round": 20,
      "recruited_workers": [
        "006",
        "065",
        "080",
        "071",
        "005",
        "099",
        "104"
      ],
      "completed_tasks": 146
    },
    {
      "round": 21,
      "recruited_workers": [
        "149",
        "065",
        "139",
        "095",
        "088",
        "005",
        "002"
      ],
      "completed_tasks": 156
    },
    {
      "round": 22,
      "recruited_workers": [
        "114",
        "095",
        "094",
        "154",
        "072"
      ],
      "completed_tasks": 161
    }
  ]
}