{
  "platform_utility": 1896.0299999999984,
  "total_rounds": 0,
  "total_cost": 3225.3400000000006,
  "remaining_budget": 6774.660000000009,
  "selected_workers": [],
  "init_select": 156,
  "later_select": 0,
  "covered_task_count": 180,
  "trusted_count": 121,
  "malicious_count": 24,
  "unknown_count": 11,
  "trusted_workers_list": [
    "109",
    "007",
    "036",
    "020",
    "043",
    "120",
    "044",
    "012",
    "005",
    "059",
    "027",
    "082",
    "136",
    "067",
    "074",
    "112",
    "049",
    "145",
    "116",
    "093",
    "137",
    "045",
    "089",
    "048",
    "035",
    "142",
    "135",
    "042",
    "153",
    "054",
    "094",
    "144",
    "069",
    "122",
    "126",
    "138",
    "108",
    "070",
    "124",
    "051",
    "060",
    "018",
    "129",
    "077",
    "008",
    "081",
    "030",
    "038",
    "097",
    "090",
    "061",
    "040",
    "128",
    "022",
    "039",
    "118",
    "072",
    "075",
    "091",
    "134",
    "139",
    "123",
    "019",
    "154",
    "015",
    "000",
    "095",
    "088",
    "073",
    "071",
    "143",
    "125",
    "085",
    "086",
    "133",
    "004",
    "130",
    "087",
    "111",
    "010",
    "076",
    "058",
    "006",
    "047",
    "107",
    "046",
    "078",
    "080",
    "065",
    "147",
    "132",
    "098",
    "151",
    "110",
    "028",
    "021",
    "121",
    "152",
    "052",
    "002",
    "025",
    "150",
    "131",
    "155",
    "104",
    "056",
    "032",
    "057",
    "141",
    "099",
    "014",
    "066",
    "140",
    "100",
    "029",
    "101",
    "063",
    "106",
    "084",
    "013",
    "037"
  ],
  "round_details": [
    {
      "round": 0,
      "trusted_count": 83,
      "unknown_count": 73,
      "malicious_count": 0,
      "recruited_workers": [
        "034",
        "090",
        "038",
        "055"
      ]
    },
    {
      "round": 1,
      "trusted_count": 86,
      "unknown_count": 69,
      "malicious_count": 1,
      "recruited_workers": [
        "030",
        "083",
        "082",
        "130",
        "147",
        "045",
        "144"
      ]
    },
    {
      "round": 2,
      "trusted_count": 88,
      "unknown_count": 66,
      "malicious_count": 2,
      "recruited_workers": [
        "046",
        "101",
        "064",
        "081",
        "031",
        "018",
        "143"
      ]
    },
    {
      "round": 3,
      "trusted_count": 89,
      "unknown_count": 64,
      "malicious_count": 3,
      "recruited_workers": [
        "017",
        "082",
        "134",
        "038",
        "018"
      ]
    },
    {
      "round": 4,
      "trusted_count": 90,
      "unknown_count": 62,
      "malicious_count": 4,
      "recruited_workers": [
        "074",
        "000",
        "090",
        "103",
        "020"
      ]
    },
    {
      "round": 5,
      "trusted_count": 92,
      "unknown_count": 57,
      "malicious_count": 7,
      "recruited_workers": [
        "074",
        "003",
        "045",
        "000",
        "140",
        "116"
      ]
    },
    {
      "round": 6,
      "trusted_count": 94,
      "unknown_count": 51,
      "malicious_count": 11,
      "recruited_workers": [
        "060",
        "033",
        "145",
        "043",
        "039",
        "147",
        "091"
      ]
    },
    {
      "round": 7,
      "trusted_count": 96,
      "unknown_count": 48,
      "malicious_count": 12,
      "recruited_workers": [
        "027",
        "053",
        "067",
        "048",
        "063",
        "044"
      ]
    },
    {
      "round": 8,
      "trusted_count": 98,
      "unknown_count": 46,
      "malicious_count": 12,
      "recruited_workers": [
        "151",
        "032",
        "048",
        "067",
        "039",
        "137",
        "091"
      ]
    },
    {
      "round": 9,
      "trusted_count": 100,
      "unknown_count": 44,
      "malicious_count": 12,
      "recruited_workers": [
        "050",
        "037",
        "015",
        "106",
        "090",
        "120"
      ]
    },
    {
      "round": 10,
      "trusted_count": 100,
      "unknown_count": 42,
      "malicious_count": 14,
      "recruited_workers": [
        "123",
        "014",
        "011",
        "124",
        "067",
        "045"
      ]
    },
    {
      "round": 11,
      "trusted_count": 102,
      "unknown_count": 39,
      "malicious_count": 15,
      "recruited_workers": [
        "131",
        "075",
        "059",
        "136",
        "128",
        "100",
        "027"
      ]
    },
    {
      "round": 12,
      "trusted_count": 103,
      "unknown_count": 38,
      "malicious_count": 15,
      "recruited_workers": [
        "136",
        "108",
        "015",
        "144"
      ]
    },
    {
      "round": 13,
      "trusted_count": 104,
      "unknown_count": 37,
      "malicious_count": 15,
      "recruited_workers": [
        "069",
        "023",
        "075",
        "118",
        "050",
        "152",
        "090"
      ]
    },
    {
      "round": 14,
      "trusted_count": 105,
      "unknown_count": 35,
      "malicious_count": 16,
      "recruited_workers": [
        "035",
        "099",
        "029",
        "135"
      ]
    },
    {
      "round": 15,
      "trusted_count": 106,
      "unknown_count": 34,
      "malicious_count": 16,
      "recruited_workers": [
        "151",
        "131",
        "065",
        "150",
        "022",
        "006",
        "005"
      ]
    },
    {
      "round": 16,
      "trusted_count": 111,
      "unknown_count": 25,
      "malicious_count": 20,
      "recruited_workers": [
        "133",
        "142",
        "076",
        "153",
        "127",
        "077",
        "074"
      ]
    },
    {
      "round": 17,
      "trusted_count": 113,
      "unknown_count": 20,
      "malicious_count": 23,
      "recruited_workers": [
        "096",
        "028",
        "000",
        "041",
        "056",
        "097",
        "135"
      ]
    },
    {
      "round": 18,
      "trusted_count": 114,
      "unknown_count": 19,
      "malicious_count": 23,
      "recruited_workers": [
        "139",
        "142",
        "070",
        "097",
        "038"
      ]
    },
    {
      "round": 19,
      "trusted_count": 116,
      "unknown_count": 16,
      "malicious_count": 24,
      "recruited_workers": [
        "046",
        "080",
        "028",
        "154",
        "040",
        "022",
        "147"
      ]
    },
    {
      "round": 20,
      "trusted_count": 118,
      "unknown_count": 14,
      "malicious_count": 24,
      "recruited_workers": [
        "006",
        "130",
        "071",
        "142",
        "093"
      ]
    },
    {
      "round": 21,
      "trusted_count": 121,
      "unknown_count": 11,
      "malicious_count": 24,
      "recruited_workers": [
        "046",
        "036",
        "122",
        "084",
        "085",
        "005"
      ]
    },
    {
      "round": 22,
      "trusted_count": 121,
      "unknown_count": 11,
      "malicious_count": 24,
      "recruited_workers": [
        "107",
        "065",
        "057",
        "005"
      ]
    },
    {
      "round": 23,
      "trusted_count": 121,
      "unknown_count": 11,
      "malicious_count": 24,
      "recruited_workers": [
        "072",
        "117",
        "028",
        "051"
      ]
    }
  ]
}