{
  "platform_utility": 3302.400000000001,
  "total_rounds": 23,
  "total_cost": 1468.1,
  "remaining_budget": 3531.8999999999983,
  "selected_workers": [
    "088",
    "138",
    "084",
    "078",
    "119",
    "034",
    "125",
    "138",
    "084",
    "057",
    "083",
    "017",
    "045",
    "088",
    "125",
    "094",
    "078",
    "045",
    "088",
    "126",
    "084",
    "046",
    "140",
    "078",
    "008",
    "128",
    "058",
    "126",
    "103",
    "153",
    "144",
    "062",
    "074",
    "045",
    "027",
    "016",
    "089",
    "098",
    "042",
    "004",
    "024",
    "031",
    "150",
    "067",
    "039",
    "106",
    "074",
    "045",
    "027",
    "000",
    "109",
    "026",
    "137",
    "123",
    "037",
    "039",
    "144",
    "050",
    "152",
    "044",
    "011",
    "120",
    "027",
    "150",
    "063",
    "050",
    "023",
    "053",
    "067",
    "130",
    "063",
    "145",
    "013",
    "137",
    "033",
    "117",
    "023",
    "047",
    "141",
    "103",
    "077",
    "122",
    "053",
    "115",
    "076",
    "074",
    "118",
    "145",
    "056",
    "005",
    "033",
    "133",
    "035",
    "006",
    "080",
    "028",
    "017",
    "041",
    "006",
    "077",
    "041",
    "096",
    "149",
    "112",
    "115",
    "142",
    "105",
    "074",
    "001",
    "149",
    "114",
    "115",
    "142",
    "097",
    "046",
    "006",
    "065",
    "071",
    "005",
    "099",
    "102",
    "085",
    "149",
    "065",
    "095",
    "088",
    "002",
    "126",
    "102",
    "114",
    "095",
    "094",
    "072",
    "051"
  ],
  "init_select": 156,
  "later_select": 134,
  "covered_task_count": 158,
  "trusted_count": 103,
  "malicious_count": 35,
  "unknown_count": 18,
  "trusted_workers_list": [
    "066",
    "025",
    "015",
    "001",
    "078",
    "138",
    "114",
    "079",
    "000",
    "049",
    "109",
    "061",
    "144",
    "053",
    "041",
    "091",
    "046",
    "072",
    "029",
    "098",
    "101",
    "111",
    "124",
    "094",
    "083",
    "065",
    "137",
    "146",
    "152",
    "040",
    "115",
    "141",
    "003",
    "045",
    "149",
    "059",
    "143",
    "006",
    "092",
    "051",
    "130",
    "019",
    "069",
    "084",
    "119",
    "067",
    "145",
    "054",
    "117",
    "142",
    "044",
    "024",
    "126",
    "011",
    "022",
    "056",
    "134",
    "038",
    "074",
    "085",
    "088",
    "037",
    "087",
    "095",
    "140",
    "106",
    "135",
    "123",
    "077",
    "057",
    "020",
    "103",
    "023",
    "073",
    "021",
    "043",
    "148",
    "012",
    "009",
    "133",
    "004",
    "118",
    "062",
    "050",
    "089",
    "034",
    "036",
    "039",
    "042",
    "055",
    "131",
    "128",
    "027",
    "033",
    "102",
    "096",
    "047",
    "013",
    "082",
    "093",
    "071",
    "014",
    "155"
  ],
  "round_details": [
    {
      "round": 0,
      "trusted_count": 78,
      "unknown_count": 75,
      "malicious_count": 3,
      "recruited_workers": [
        "088",
        "138",
        "084",
        "078",
        "119"
      ]
    },
    {
      "round": 1,
      "trusted_count": 81,
      "unknown_count": 72,
      "malicious_count": 3,
      "recruited_workers": [
        "034",
        "125",
        "138",
        "084",
        "057"
      ]
    },
    {
      "round": 2,
      "trusted_count": 81,
      "unknown_count": 70,
      "malicious_count": 5,
      "recruited_workers": [
        "083",
        "017",
        "045",
        "088",
        "125",
        "094",
        "078"
      ]
    },
    {
      "round": 3,
      "trusted_count": 82,
      "unknown_count": 69,
      "malicious_count": 5,
      "recruited_workers": [
        "045",
        "088",
        "126",
        "084",
        "046",
        "140",
        "078"
      ]
    },
    {
      "round": 4,
      "trusted_count": 83,
      "unknown_count": 66,
      "malicious_count": 7,
      "recruited_workers": [
        "008",
        "128",
        "058",
        "126",
        "103",
        "153",
        "144"
      ]
    },
    {
      "round": 5,
      "trusted_count": 85,
      "unknown_count": 60,
      "malicious_count": 11,
      "recruited_workers": [
        "062",
        "074",
        "045",
        "027",
        "016",
        "089",
        "098"
      ]
    },
    {
      "round": 6,
      "trusted_count": 85,
      "unknown_count": 60,
      "malicious_count": 11,
      "recruited_workers": [
        "042",
        "004",
        "024",
        "031",
        "150"
      ]
    },
    {
      "round": 7,
      "trusted_count": 86,
      "unknown_count": 57,
      "malicious_count": 13,
      "recruited_workers": [
        "067",
        "039",
        "106",
        "074",
        "045",
        "027",
        "000"
      ]
    },
    {
      "round": 8,
      "trusted_count": 86,
      "unknown_count": 56,
      "malicious_count": 14,
      "recruited_workers": [
        "109",
        "026",
        "137",
        "123",
        "037",
        "039",
        "144"
      ]
    },
    {
      "round": 9,
      "trusted_count": 88,
      "unknown_count": 52,
      "malicious_count": 16,
      "recruited_workers": [
        "050",
        "152",
        "044",
        "011",
        "120",
        "027",
        "150"
      ]
    },
    {
      "round": 10,
      "trusted_count": 90,
      "unknown_count": 50,
      "malicious_count": 16,
      "recruited_workers": [
        "063",
        "050",
        "023",
        "053",
        "067",
        "130"
      ]
    },
    {
      "round": 11,
      "trusted_count": 90,
      "unknown_count": 49,
      "malicious_count": 17,
      "recruited_workers": [
        "063",
        "145",
        "013",
        "137",
        "033"
      ]
    },
    {
      "round": 12,
      "trusted_count": 91,
      "unknown_count": 46,
      "malicious_count": 19,
      "recruited_workers": [
        "117",
        "023",
        "047",
        "141",
        "103"
      ]
    },
    {
      "round": 13,
      "trusted_count": 91,
      "unknown_count": 42,
      "malicious_count": 23,
      "recruited_workers": [
        "077",
        "122",
        "053",
        "115",
        "076",
        "074",
        "118"
      ]
    },
    {
      "round": 14,
      "trusted_count": 94,
      "unknown_count": 36,
      "malicious_count": 26,
      "recruited_workers": [
        "145",
        "056",
        "005",
        "033",
        "133"
      ]
    },
    {
      "round": 15,
      "trusted_count": 97,
      "unknown_count": 30,
      "malicious_count": 29,
      "recruited_workers": [
        "035",
        "006",
        "080",
        "028",
        "017",
        "041"
      ]
    },
    {
      "round": 16,
      "trusted_count": 98,
      "unknown_count": 29,
      "malicious_count": 29,
      "recruited_workers": [
        "006",
        "077",
        "041"
      ]
    },
    {
      "round": 17,
      "trusted_count": 99,
      "unknown_count": 26,
      "malicious_count": 31,
      "recruited_workers": [
        "096",
        "149",
        "112"
      ]
    },
    {
      "round": 18,
      "trusted_count": 99,
      "unknown_count": 24,
      "malicious_count": 33,
      "recruited_workers": [
        "115",
        "142",
        "105",
        "074"
      ]
    },
    {
      "round": 19,
      "trusted_count": 102,
      "unknown_count": 21,
      "malicious_count": 33,
      "recruited_workers": [
        "001",
        "149",
        "114",
        "115",
        "142",
        "097",
        "046"
      ]
    },
    {
      "round": 20,
      "trusted_count": 103,
      "unknown_count": 19,
      "malicious_count": 34,
      "recruited_workers": [
        "006",
        "065",
        "071",
        "005",
        "099",
        "102",
        "085"
      ]
    },
    {
      "round": 21,