{
  "total_rounds": 24,
  "total_cost": 1974.7999999999997,
  "remaining_budget": 3025.200000000002,
  "selected_workers": [
    "034",
    "130",
    "038",
    "055",
    "155",
    "030",
    "153",
    "082",
    "045",
    "144",
    "046",
    "081",
    "064",
    "045",
    "031",
    "018",
    "017",
    "082",
    "134",
    "038",
    "018",
    "000",
    "074",
    "129",
    "090",
    "078",
    "003",
    "125",
    "000",
    "074",
    "129",
    "116",
    "145",
    "044",
    "027",
    "012",
    "043",
    "039",
    "148",
    "091",
    "063",
    "032",
    "053",
    "044",
    "129",
    "151",
    "063",
    "032",
    "098",
    "044",
    "012",
    "045",
    "031",
    "091",
    "063",
    "004",
    "153",
    "044",
    "120",
    "090",
    "123",
    "106",
    "067",
    "153",
    "045",
    "124",
    "118",
    "063",
    "106",
    "125",
    "000",
    "033",
    "044",
    "043",
    "031",
    "091",
    "118",
    "054",
    "136",
    "055",
    "069",
    "023",
    "118",
    "152",
    "133",
    "150",
    "145",
    "077",
    "050",
    "015",
    "099",
    "016",
    "049",
    "012",
    "151",
    "022",
    "131",
    "065",
    "120",
    "006",
    "129",
    "105",
    "122",
    "142",
    "117",
    "056",
    "153",
    "074",
    "110",
    "097",
    "127",
    "151",
    "041",
    "122",
    "065",
    "056",
    "135",
    "114",
    "151",
    "142",
    "038",
    "046",
    "146",
    "122",
    "022",
    "112",
    "019",
    "146",
    "142",
    "074",
    "006",
    "088",
    "046",
    "114",
    "122",
    "036",
    "084",
    "120",
    "072",
    "114",
    "146",
    "072",
    "117",
    "072",
    "045"
  ],
  "init_select": 156,
  "later_select": 145,
  "covered_task_count": 194,
  "trusted_count": 100,
  "malicious_count": 38,
  "unknown_count": 18,
  "trusted_workers_list": [
    "098",
    "153",
    "078",
    "043",
    "061",
    "089",
    "071",
    "141",
    "109",
    "148",
    "097",
    "072",
    "075",
    "121",
    "103",
    "114",
    "027",
    "006",
    "151",
    "059",
    "136",
    "012",
    "076",
    "045",
    "060",
    "134",
    "079",
    "152",
    "132",
    "008",
    "123",
    "106",
    "038",
    "030",
    "099",
    "139",
    "067",
    "082",
    "019",
    "042",
    "133",
    "004",
    "129",
    "154",
    "118",
    "146",
    "056",
    "131",
    "065",
    "033",
    "002",
    "032",
    "024",
    "120",
    "090",
    "018",
    "021",
    "124",
    "066",
    "005",
    "138",
    "054",
    "128",
    "115",
    "084",
    "035",
    "127",
    "010",
    "081",
    "100",
    "039",
    "037",
    "101",
    "063",
    "104",
    "007",
    "070",
    "044",
    "080",
    "087",
    "086",
    "022",
    "143",
    "073",
    "116",
    "135",
    "126",
    "048",
    "112",
    "077",
    "011",
    "145",
    "069",
    "020",
    "088",
    "074",
    "013",
    "122",
    "091",
    "095"
  ]
}