{
  "total_rounds": 24,
  "platform_utility": 1998.9700000000016,
  "total_cost": 3240.7000000000003,
  "remaining_budget": 6759.300000000009,
  "selected_workers": [
    "034",
    "091",
    "038",
    "055",
    "030",
    "083",
    "082",
    "130",
    "147",
    "045",
    "144",
    "046",
    "101",
    "064",
    "081",
    "083",
    "031",
    "018",
    "017",
    "082",
    "134",
    "038",
    "018",
    "074",
    "000",
    "090",
    "103",
    "020",
    "074",
    "003",
    "045",
    "000",
    "140",
    "116",
    "013",
    "033",
    "145",
    "043",
    "147",
    "039",
    "091",
    "027",
    "053",
    "067",
    "024",
    "124",
    "148",
    "151",
    "032",
    "024",
    "063",
    "137",
    "039",
    "091",
    "037",
    "050",
    "015",
    "136",
    "090",
    "120",
    "123",
    "014",
    "011",
    "067",
    "124",
    "045",
    "131",
    "075",
    "059",
    "136",
    "128",
    "000",
    "033",
    "136",
    "108",
    "011",
    "144",
    "069",
    "023",
    "075",
    "118",
    "037",
    "152",
    "090",
    "016",
    "099",
    "029",
    "005",
    "151",
    "065",
    "131",
    "150",
    "022",
    "006",
    "135",
    "133",
    "142",
    "076",
    "153",
    "127",
    "074",
    "077",
    "127",
    "017",
    "096",
    "028",
    "041",
    "056",
    "097",
    "114",
    "139",
    "142",
    "070",
    "038",
    "046",
    "096",
    "080",
    "028",
    "105",
    "022",
    "147",
    "006",
    "130",
    "040",
    "142",
    "066",
    "046",
    "036",
    "096",
    "084",
    "114",
    "085",
    "005",
    "114",
    "107",
    "057",
    "005",
    "102",
    "072",
    "117",
    "028",
    "051"
  ],
  "init_select": 156,
  "later_select": 142,
  "covered_task_count": 181,
  "round_details": [
    {
      "round": 0,
      "recruited_workers": [
        "034",
        "091",
        "038",
        "055"
      ],
      "completed_tasks": 4
    },
    {
      "round": 1,
      "recruited_workers": [
        "030",
        "083",
        "082",
        "130",
        "147",
        "045",
        "144"
      ],
      "completed_tasks": 14
    },
    {
      "round": 2,
      "recruited_workers": [
        "046",
        "101",
        "064",
        "081",
        "083",
        "031",
        "018"
      ],
      "completed_tasks": 22
    },
    {
      "round": 3,
      "recruited_workers": [
        "017",
        "082",
        "134",
        "038",
        "018"
      ],
      "completed_tasks": 27
    },
    {
      "round": 4,
      "recruited_workers": [
        "074",
        "000",
        "090",
        "103",
        "020"
      ],
      "completed_tasks": 33
    },
    {
      "round": 5,
      "recruited_workers": [
        "074",
        "003",
        "045",
        "000",
        "140",
        "116"
      ],
      "completed_tasks": 42
    },
    {
      "round": 6,
      "recruited_workers": [
        "013",
        "033",
        "145",
        "043",
        "147",
        "039",
        "091"
      ],
      "completed_tasks": 52
    },
    {
      "round": 7,
      "recruited_workers": [
        "027",
        "053",
        "067",
        "024",
        "124",
        "148"
      ],
      "completed_tasks": 60
    },
    {
      "round": 8,
      "recruited_workers": [
        "151",
        "032",
        "024",
        "063",
        "137",
        "039",
        "091"
      ],
      "completed_tasks": 71
    },
    {
      "round": 9,
      "recruited_workers": [
        "037",
        "050",
        "015",
        "136",
        "090",
        "120"
      ],
      "completed_tasks": 79
    },
    {
      "round": 10,
      "recruited_workers": [
        "123",
        "014",
        "011",
        "067",
        "124",
        "045"
      ],
      "completed_tasks": 85
    },
    {
      "round": 11,
      "recruited_workers": [
        "131",
        "075",
        "059",
        "136",
        "128",
        "000",
        "033"
      ],
      "completed_tasks": 94
    },
    {
      "round": 12,
      "recruited_workers": [
        "136",
        "108",
        "011",
        "144"
      ],
      "completed_tasks": 100
    },
    {
      "round": 13,
      "recruited_workers": [
        "069",
        "023",
        "075",
        "118",
        "037",
        "152",
        "090"
      ],
      "completed_tasks": 107
    },
    {
      "round": 14,
      "recruited_workers": [
        "016",
        "099",
        "029",
        "005"
      ],
      "completed_tasks": 111
    },
    {
      "round": 15,
      "recruited_workers": [
        "151",
        "065",
        "131",
        "150",
        "022",
        "006",
        "135"
      ],
      "completed_tasks": 121
    },
    {
      "round": 16,
      "recruited_workers": [
        "133",
        "142",
        "076",
        "153",
        "127",
        "074",
        "077"
      ],
      "completed_tasks": 129
    },
    {
      "round": 17,
      "recruited_workers": [
        "127",
        "017",
        "096",
        "028",
        "041",
        "056",
        "097"
      ],
      "completed_tasks": 137
    },
    {
      "round": 18,
      "recruited_workers": [
        "114",
        "139",
        "142",
        "070",
        "038"
      ],
      "completed_tasks": 146
    },
    {
      "round": 19,
      "recruited_workers": [
        "046",
        "096",
        "080",
        "028",
        "105",
        "022",
        "147"
      ],
      "completed_tasks": 154
    },
    {
      "round": 20,
      "recruited_workers": [
        "006",
        "130",
        "040",
        "142",
        "066"
      ],
      "completed_tasks": 162
    },
    {
      "round": 21,
      "recruited_workers": [
        "046",
        "036",
        "096",
        "084",
        "114",
        "085",
        "005"
      ],
      "completed_tasks": 170
    },
    {
      "round": 22,
      "recruited_workers": [
        "114",
        "107",
        "057",
        "005",
        "102"
      ],
      "completed_tasks": 177
    },
    {
      "round": 23,
      "recruited_workers": [
        "072",
        "117",
        "028",
        "051"
      ],
      "completed_tasks": 181
    }
  ]
}