{
  "total_rounds": 19,
  "total_cost": 4996.25,
  "platform_utility": -517.2500000000009,
  "trusted_task_ratio": 0.3402777777777778,
  "remaining_budget": 3.7499999999994227,
  "selected_workers": [
    "038",
    "079",
    "138",
    "111",
    "055",
    "081",
    "051",
    "083",
    "144",
    "072",
    "090",
    "082",
    "126",
    "079",
    "088",
    "103",
    "051",
    "057",
    "111",
    "126",
    "064",
    "090",
    "130",
    "018",
    "102",
    "153",
    "057",
    "017",
    "046",
    "045",
    "103",
    "090",
    "019",
    "079",
    "020",
    "000",
    "116",
    "129",
    "140",
    "060",
    "126",
    "079",
    "051",
    "052",
    "103",
    "044",
    "020",
    "025",
    "124",
    "094",
    "102",
    "100",
    "044",
    "008",
    "063",
    "057",
    "004",
    "039",
    "088",
    "137",
    "120",
    "044",
    "048",
    "111",
    "103",
    "057",
    "039",
    "037",
    "120",
    "126",
    "045",
    "053",
    "019",
    "084",
    "124",
    "047",
    "131",
    "003",
    "008",
    "079",
    "148",
    "150",
    "140",
    "023",
    "016",
    "051",
    "131",
    "052",
    "098",
    "072",
    "011",
    "043",
    "147",
    "008",
    "077",
    "024",
    "122",
    "141",
    "019",
    "016",
    "029",
    "135",
    "097",
    "020",
    "143",
    "111",
    "140",
    "119",
    "031",
    "149",
    "151",
    "126",
    "129",
    "139",
    "112",
    "065",
    "084",
    "049",
    "078",
    "154",
    "051",
    "151",
    "078",
    "143",
    "065",
    "049",
    "154",
    "120",
    "129",
    "139",
    "031"
  ],
  "init_select": 156,
  "later_select": 131,
  "covered_task_count": 144,
  "round_details": [
    {
      "round": 0,
      "recruited_workers": [
        "038",
        "079",
        "138",
        "111",
        "055",
        "081",
        "051"
      ],
      "recruited_count": 7
    },
    {
      "round": 1,
      "recruited_workers": [
        "083",
        "144",
        "072",
        "090",
        "082",
        "126",
        "079"
      ],
      "recruited_count": 7
    },
    {
      "round": 2,
      "recruited_workers": [
        "088",
        "103",
        "051",
        "057",
        "111",
        "126",
        "064"
      ],
      "recruited_count": 7
    },
    {
      "round": 3,
      "recruited_workers": [
        "090",
        "130",
        "018",
        "102",
        "153",
        "057",
        "017"
      ],
      "recruited_count": 7
    },
    {
      "round": 4,
      "recruited_workers": [
        "046",
        "045",
        "103",
        "090",
        "019",
        "079",
        "020"
      ],
      "recruited_count": 7
    },
    {
      "round": 5,
      "recruited_workers": [
        "000",
        "116",
        "129",
        "140",
        "060",
        "126",
        "079"
      ],
      "recruited_count": 7
    },
    {
      "round": 6,
      "recruited_workers": [
        "051",
        "052",
        "103",
        "044",
        "020",
        "025",
        "124"
      ],
      "recruited_count": 7
    },
    {
      "round": 7,
      "recruited_workers": [
        "094",
        "102",
        "100",
        "044",
        "008",
        "063",
        "057"
      ],
      "recruited_count": 7
    },
    {
      "round": 8,
      "recruited_workers": [
        "004",
        "039",
        "088",
        "137",
        "120",
        "044",
        "048"
      ],
      "recruited_count": 7
    },
    {
      "round": 9,
      "recruited_workers": [
        "111",
        "103",
        "057",
        "039",
        "037",
        "120",
        "126"
      ],
      "recruited_count": 7
    },
    {
      "round": 10,
      "recruited_workers": [
        "045",
        "053",
        "019",
        "084",
        "124",
        "047",
        "131"
      ],
      "recruited_count": 7
    },
    {
      "round": 11,
      "recruited_workers": [
        "003",
        "008",
        "079",
        "148",
        "150",
        "140",
        "023"
      ],
      "recruited_count": 7
    },
    {
      "round": 12,
      "recruited_workers": [
        "016",
        "051",
        "131",
        "052",
        "098",
        "072",
        "011"
      ],
      "recruited_count": 7
    },
    {
      "round": 13,
      "recruited_workers": [
        "043",
        "147",
        "008",
        "077",
        "024",
        "122",
        "141"
      ],
      "recruited_count": 7
    },
    {
      "round": 14,
      "recruited_workers": [
        "019",
        "016",
        "029",
        "135",
        "097",
        "020",
        "143"
      ],
      "recruited_count": 7
    },
    {
      "round": 15,
      "recruited_workers": [
        "111",
        "140",
        "119",
        "031",
        "149",
        "151",
        "126"
      ],
      "recruited_count": 7
    },
    {
      "round": 16,
      "recruited_workers": [
        "129",
        "139",
        "112",
        "065",
        "084",
        "049",
        "078"
      ],
      "recruited_count": 7
    },
    {
      "round": 17,
      "recruited_workers": [
        "154",
        "051",
        "151",
        "078",
        "143",
        "065",
        "049"
      ],
      "recruited_count": 7
    },
    {
      "round": 18,
      "recruited_workers": [
        "154",
        "120",
        "129",
        "139",
        "031"
      ],
      "recruited_count": 5
    }
  ]
}