{
  "total_rounds": 24,
  "platform_utility": 2327.600000000003,
  "total_cost": 3801.300000000001,
  "remaining_budget": 1198.6999999999994,
  "selected_workers": [
    "034",
    "081",
    "038",
    "046",
    "130",
    "055",
    "030",
    "151",
    "083",
    "082",
    "130",
    "147",
    "144",
    "101",
    "081",
    "064",
    "083",
    "046",
    "031",
    "018",
    "017",
    "082",
    "134",
    "038",
    "090",
    "018",
    "000",
    "074",
    "045",
    "046",
    "090",
    "020",
    "119",
    "000",
    "140",
    "060",
    "045",
    "074",
    "116",
    "124",
    "027",
    "013",
    "091",
    "145",
    "043",
    "039",
    "067",
    "100",
    "032",
    "053",
    "148",
    "048",
    "151",
    "000",
    "015",
    "067",
    "130",
    "032",
    "137",
    "109",
    "014",
    "050",
    "106",
    "037",
    "003",
    "128",
    "131",
    "124",
    "023",
    "033",
    "067",
    "123",
    "014",
    "108",
    "131",
    "075",
    "059",
    "136",
    "124",
    "024",
    "131",
    "108",
    "124",
    "011",
    "152",
    "136",
    "144",
    "069",
    "075",
    "015",
    "056",
    "133",
    "118",
    "037",
    "035",
    "075",
    "099",
    "005",
    "029",
    "041",
    "151",
    "131",
    "110",
    "005",
    "135",
    "065",
    "150",
    "117",
    "077",
    "076",
    "056",
    "028",
    "133",
    "066",
    "017",
    "127",
    "135",
    "133",
    "028",
    "095",
    "096",
    "077",
    "114",
    "128",
    "120",
    "142",
    "038",
    "096",
    "000",
    "080",
    "022",
    "040",
    "096",
    "097",
    "147",
    "099",
    "001",
    "071",
    "130",
    "129",
    "142",
    "105",
    "099",
    "107",
    "071",
    "084",
    "114",
    "005",
    "139",
    "114",
    "057",
    "102",
    "005",
    "036",
    "002",
    "117",
    "072",
    "085",
    "006",
    "045",
    "051"
  ],
  "init_select": 156,
  "later_select": 161,
  "covered_task_count": 235,
  "round_details": [
    {
      "round": 0,
      "recruited_workers": [
        "034",
        "081",
        "038",
        "046",
        "130",
        "055"
      ],
      "completed_tasks": 9
    },
    {
      "round": 1,
      "recruited_workers": [
        "030",
        "151",
        "083",
        "082",
        "130",
        "147",
        "144"
      ],
      "completed_tasks": 21
    },
    {
      "round": 2,
      "recruited_workers": [
        "101",
        "081",
        "064",
        "083",
        "046",
        "031",
        "018"
      ],
      "completed_tasks": 31
    },
    {
      "round": 3,
      "recruited_workers": [
        "017",
        "082",
        "134",
        "038",
        "090",
        "018"
      ],
      "completed_tasks": 38
    },
    {
      "round": 4,
      "recruited_workers": [
        "000",
        "074",
        "045",
        "046",
        "090",
        "020"
      ],
      "completed_tasks": 45
    },
    {
      "round": 5,
      "recruited_workers": [
        "119",
        "000",
        "140",
        "060",
        "045",
        "074",
        "116"
      ],
      "completed_tasks": 56
    },
    {
      "round": 6,
      "recruited_workers": [
        "124",
        "027",
        "013",
        "091",
        "145",
        "043",
        "039"
      ],
      "completed_tasks": 68
    },
    {
      "round": 7,
      "recruited_workers": [
        "067",
        "100",
        "032",
        "053",
        "148",
        "048"
      ],
      "completed_tasks": 80
    },
    {
      "round": 8,
      "recruited_workers": [
        "151",
        "000",
        "015",
        "067",
        "130",
        "032",
        "137"
      ],
      "completed_tasks": 91
    },
    {
      "round": 9,
      "recruited_workers": [
        "109",
        "014",
        "050",
        "106",
        "037",
        "003",
        "128"
      ],
      "completed_tasks": 103
    },
    {
      "round": 10,
      "recruited_workers": [
        "131",
        "124",
        "023",
        "033",
        "067",
        "123",
        "014"
      ],
      "completed_tasks": 111
    },
    {
      "round": 11,
      "recruited_workers": [
        "108",
        "131",
        "075",
        "059",
        "136",
        "124",
        "024"
      ],
      "completed_tasks": 122
    },
    {
      "round": 12,
      "recruited_workers": [
        "131",
        "108",
        "124",
        "011",
        "152",
        "136",
        "144"
      ],
      "completed_tasks": 132
    },
    {
      "round": 13,
      "recruited_workers": [
        "069",
        "075",
        "015",
        "056",
        "133",
        "118",
        "037"
      ],
      "completed_tasks": 142
    },
    {
      "round": 14,
      "recruited_workers": [
        "035",
        "075",
        "099",
        "005",
        "029",
        "041"
      ],
      "completed_tasks": 149
    },
    {
      "round": 15,
      "recruited_workers": [
        "151",
        "131",
        "110",
        "005",
        "135",
        "065",
        "150"
      ],
      "completed_tasks": 158
    },
    {
      "round": 16,
      "recruited_workers": [
        "117",
        "077",
        "076",
        "056",
        "028",
        "133",
        "066"
      ],
      "completed_tasks": 168
    },
    {
      "round": 17,
      "recruited_workers": [
        "017",
        "127",
        "135",
        "133",
        "028",
        "095",
        "096"
      ],
      "completed_tasks": 178
    },
    {
      "round": 18,
      "recruited_workers": [
        "077",
        "114",
        "128",
        "120",
        "142",
        "038",
        "096"
      ],
      "completed_tasks": 191
    },
    {
      "round": 19,
      "recruited_workers": [
        "000",
        "080",
        "022",
        "040",
        "096",
        "097",
        "147"
      ],
      "completed_tasks": 201
    },
    {
      "round": 20,
      "recruited_workers": [
        "099",
        "001",
        "071",
        "130",
        "129",
        "142",
        "105"
      ],
      "completed_tasks": 209
    },
    {
      "round": 21,
      "recruited_workers": [
        "099",
        "107",
        "071",
        "084",
        "114",
        "005",
        "139"
      ],
      "completed_tasks": 218
    },
    {
      "round": 22,
      "recruited_workers": [
        "114",
        "057",
        "102",
        "005",
        "036"
      ],
      "completed_tasks": 228
    },
    {
      "round": 23,
      "recruited_workers": [
        "002",
        "117",
        "072",
        "085",
        "006",
        "045",
        "051"
      ],
      "completed_tasks": 235
    }
  ]
}