{
  "total_rounds": 6,
  "total_cost": 116408.00000000001,
  "remaining_budget": 0.9999999999999574,
  "selected_workers": [
    "v00_078",
    "v00_037",
    "v00_081",
    "v02_358",
    "v00_057",
    "v05_760",
    "v01_185",
    "v05_802",
    "v04_713",
    "v00_113",
    "v03_454",
    "v01_173",
    "v02_322",
    "v04_607",
    "v03_500",
    "v05_858",
    "v01_259",
    "v03_457"
  ],
  "init_select": 886,
  "later_select": 18,
  "covered_task_count": 104
}