{
  "total_rounds": 24,
  "total_cost": 1643.3999999999992,
  "remaining_budget": 3356.6000000000013,
  "selected_workers": [
    "138",
    "088",
    "079",
    "128",
    "144",
    "094",
    "034",
    "083",
    "101",
    "103",
    "125",
    "102",
    "078",
    "010",
    "045",
    "083",
    "064",
    "102",
    "046",
    "088",
    "084",
    "000",
    "073",
    "078",
    "020",
    "143",
    "063",
    "084",
    "062",
    "068",
    "045",
    "138",
    "000",
    "062",
    "068",
    "145",
    "063",
    "102",
    "130",
    "067",
    "063",
    "015",
    "062",
    "047",
    "013",
    "084",
    "044",
    "026",
    "109",
    "129",
    "024",
    "033",
    "009",
    "050",
    "062",
    "047",
    "109",
    "016",
    "063",
    "136",
    "023",
    "050",
    "047",
    "013",
    "103",
    "063",
    "098",
    "152",
    "044",
    "128",
    "137",
    "121",
    "053",
    "016",
    "063",
    "131",
    "023",
    "109",
    "067",
    "004",
    "013",
    "123",
    "122",
    "044",
    "023",
    "152",
    "068",
    "128",
    "077",
    "137",
    "059",
    "044",
    "128",
    "094",
    "053",
    "006",
    "035",
    "005",
    "022",
    "033",
    "139",
    "076",
    "022",
    "096",
    "080",
    "005",
    "112",
    "138",
    "097",
    "006",
    "114",
    "097",
    "029",
    "125",
    "080",
    "076",
    "077",
    "028",
    "122",
    "006",
    "096",
    "133",
    "031",
    "149",
    "115",
    "112",
    "138",
    "128",
    "021",
    "074",
    "149",
    "080",
    "045",
    "138",
    "120",
    "079",
    "071",
    "028",
    "149",
    "002",
    "096",
    "005",
    "071",
    "088",
    "139",
    "006",
    "095",
    "094",
    "088",
    "128",
    "074",
    "114",
    "051"
  ],
  "init_select": 156,
  "later_select": 153,
  "covered_task_count": 84
}