{
  "total_rounds": 10,
  "total_cost": 116873.20000000001,
  "remaining_budget": 33126.80000000001,
  "selected_workers": [
    "v00_078",
    "v00_021",
    "v00_037",
    "v00_081",
    "v02_358",
    "v00_057",
    "v00_030",
    "v01_173",
    "v05_760",
    "v01_185",
    "v05_858",
    "v05_865",
    "v05_802",
    "v00_122",
    "v02_358",
    "v01_215",
    "v04_713",
    "v00_113",
    "v03_454",
    "v02_322",
    "v04_607",
    "v01_188",
    "v03_587",
    "v04_658",
    "v05_856",
    "v04_712",
    "v03_463",
    "v04_625",
    "v01_185",
    "v05_777"
  ],
  "init_select": 886,
  "later_select": 30,
  "covered_task_count": 66,
  "trusted_count": 631,
  "malicious_count": 32,
  "unknown_count": 223
}