{
  "platform_utility": 6625.720000000005,
  "total_rounds": 0,
  "total_cost": 3431.5,
  "remaining_budget": 1568.4999999999984,
  "selected_workers": [],
  "init_select": 156,
  "later_select": 0,
  "covered_task_count": 216,
  "trusted_count": 85,
  "malicious_count": 60,
  "unknown_count": 11,
  "trusted_workers_list": [
    "030",
    "055",
    "140",
    "052",
    "001",
    "006",
    "067",
    "090",
    "022",
    "019",
    "017",
    "131",
    "035",
    "062",
    "084",
    "114",
    "018",
    "071",
    "128",
    "145",
    "151",
    "124",
    "033",
    "070",
    "104",
    "135",
    "021",
    "119",
    "056",
    "102",
    "126",
    "013",
    "122",
    "075",
    "009",
    "011",
    "134",
    "014",
    "137",
    "101",
    "141",
    "081",
    "130",
    "107",
    "015",
    "041",
    "118",
    "039",
    "023",
    "038",
    "044",
    "032",
    "092",
    "031",
    "109",
    "045",
    "116",
    "127",
    "143",
    "150",
    "073",
    "110",
    "027",
    "061",
    "091",
    "003",
    "123",
    "049",
    "028",
    "048",
    "133",
    "054",
    "051",
    "142",
    "111",
    "097",
    "065",
    "129",
    "012",
    "072",
    "063",
    "144",
    "037",
    "089",
    "004"
  ],
  "total_fee": 4500.0,
  "round_details": [
    {
      "round": 0,
      "member_set": [
        "129",
        "111",
        "090",
        "051"
      ],
      "non_member_set": [
        "034",
        "038",
        "046",
        "055",
        "057",
        "072",
        "079",
        "081",
        "088",
        "091",
        "117",
        "119",
        "125",
        "126",
        "130",
        "138",
        "153"
      ],
      "R_m": 23.43,
      "R_n": 9.7,
      "member_count": 4,
      "non_member_count": 17
    },
    {
      "round": 1,
      "member_set": [
        "130",
        "045",
        "119",
        "101"
      ],
      "non_member_set": [
        "018",
        "019",
        "030",
        "055",
        "057",
        "072",
        "073",
        "074",
        "079",
        "082",
        "083",
        "084",
        "088",
        "091",
        "126",
        "144",
        "147",
        "151",
        "153",
        "155"
      ],
      "R_m": 26.14,
      "R_n": 9.27,
      "member_count": 8,
      "non_member_count": 20
    },
    {
      "round": 2,
      "member_set": [
        "143",
        "018",
        "126",
        "072"
      ],
      "non_member_set": [
        "020",
        "031",
        "046",
        "057",
        "064",
        "078",
        "081",
        "082",
        "083",
        "088",
        "091",
        "102",
        "103",
        "134",
        "150",
        "155"
      ],
      "R_m": 26.36,
      "R_n": 11.92,
      "member_count": 9,
      "non_member_count": 16
    },
    {
      "round": 3,
      "member_set": [],
      "non_member_set": [
        "017",
        "038",
        "057",
        "082",
        "102",
        "134",
        "153"
      ],
      "R_m": 32.22,
      "R_n": 10.34,
      "member_count": 3,
      "non_member_count": 7
    },
    {
      "round": 4,
      "member_set": [],
      "non_member_set": [
        "000",
        "019",
        "020",
        "046",
        "073",
        "074",
        "078",
        "079",
        "084",
        "103"
      ],
      "R_m": 29.7,
      "R_n": 10.05,
      "member_count": 3,
      "non_member_count": 10
    },
    {
      "round": 5,
      "member_set": [
        "062"
      ],
      "non_member_set": [
        "000",
        "003",
        "012",
        "052",
        "058",
        "060",
        "068",
        "074",
        "079",
        "103",
        "116",
        "125",
        "140"
      ],
      "R_m": 24.59,
      "R_n": 10.42,
      "member_count": 8,
      "non_member_count": 13
    },
    {
      "round": 6,
      "member_set": [
        "145"
      ],
      "non_member_set": [
        "003",
        "008",
        "012",
        "013",
        "020",
        "025",
        "027",
        "033",
        "039",
        "043",
        "044",
        "052",
        "058",
        "060",
        "068",
        "078",
        "091",
        "102",
        "103",
        "116",
        "124",
        "147",
        "148"
      ],
      "R_m": 26.59,
      "R_n": 10.97,
      "member_count": 9,
      "non_member_count": 23
    },
    {
      "round": 7,
      "member_set": [
        "063",
        "003",
        "051",
        "013",
        "044",
        "111",
        "027",
        "089",
        "129",
        "116",
        "012",
        "052"
      ],
      "non_member_set": [
        "008",
        "019",
        "020",
        "024",
        "025",
        "032",
        "039",
        "047",
        "048",
        "053",
        "054",
        "057",
        "058",
        "060",
        "067",
        "068",
        "073",
        "078",
        "079",
        "084",
        "088",
        "094",
        "098",
        "100",
        "102",
        "124",
        "134",
        "138",
        "148"
      ],
      "R_m": 23.81,
      "R_n": 10.18,
      "member_count": 16,
      "non_member_count": 29
    },
    {
      "round": 8,
      "member_set": [
        "137",
        "039",
        "032",
        "054",
        "045",
        "004"
      ],
      "non_member_set": [
        "000",
        "008",
        "015",
        "020",
        "024",
        "025",
        "031",
        "047",
        "048",
        "057",
        "058",
        "067",
        "068",
        "078",
        "079",
        "088",
        "091",
        "094",
        "098",
        "103",
        "120",
        "124",
        "134",
        "138",
        "148",
        "151",
        "153"
      ],
      "R_m": 22.85,
      "R_n": 9.78,
      "member_count": 22,
      "non_member_count": 27
    },
    {
      "round": 9,
      "member_set": [
        "048",
        "128",
        "090"
      ],
      "non_member_set": [
        "008",
        "009",
        "014",
        "015",
        "024",
        "025",
        "037",
        "043",
        "047",
        "050",
        "057",
        "058",
        "060",
        "068",
        "079",
        "086",
        "088",
        "094",
        "103",
        "106",
        "109",
        "120",
        "124",
        "134",
        "136",
        "138",
        "153"
      ],
      "R_m": 25.7,
      "R_n": 11.77,
      "member_count": 20,
      "non_member_count": 27
    },
    {
      "round": 10,
      "member_set": [
        "143",
        "150",
        "014"
      ],
      "non_member_set": [
        "011",
        "019",
        "020",
        "023",
        "033",
        "043",
        "047",
        "053",
        "057",
        "067",
        "073",
        "078",
        "084",
        "098",
        "102",
        "106",
        "123",
        "124",
        "131",
        "134",
        "136",
        "148",
        "153",
        "155"
      ],
      "R_m": 24.3,
      "R_n": 10.44,
      "member_count": 8,
      "non_member_count": 24
    },
    {
      "round": 11,
      "member_set": [
        "123",
        "033"
      ],
      "non_member_set": [
        "000",
        "008",
        "019",
        "023",
        "024",
        "031",
        "037",
        "043",
        "047",
        "050",
        "057",
        "059",
        "067",
        "068",
        "073",
        "075",
        "079",
        "084",
        "086",
        "088",
        "091",
        "094",
        "100",
        "102",
        "106",
        "108",
        "118",
        "121",
        "124",
        "125",
        "131",
        "134",
        "136",
        "138",
        "140",
        "148"
      ],
      "R_m": 0,
      "R_n": 10.44,
      "member_count": 15,
      "non_member_count": 36
    },
    {
      "round": 12,