{
  "total_rounds": 24,
  "platform_utility": 3557.1600000000008,
  "trusted_task_ratio": 0.29891304347826086,
  "total_cost": 1650.9999999999998,
  "remaining_budget": 8348.999999999996,
  "selected_workers": [
    "117",
    "083",
    "094",
    "034",
    "125",
    "103",
    "079",
    "078",
    "144",
    "102",
    "081",
    "010",
    "083",
    "064",
    "084",
    "018",
    "125",
    "082",
    "078",
    "147",
    "063",
    "062",
    "053",
    "045",
    "008",
    "144",
    "147",
    "145",
    "063",
    "062",
    "128",
    "046",
    "004",
    "130",
    "145",
    "067",
    "047",
    "137",
    "044",
    "063",
    "153",
    "026",
    "123",
    "044",
    "047",
    "017",
    "120",
    "125",
    "050",
    "109",
    "067",
    "123",
    "063",
    "068",
    "031",
    "050",
    "007",
    "037",
    "023",
    "063",
    "017",
    "124",
    "050",
    "023",
    "062",
    "044",
    "024",
    "125",
    "108",
    "109",
    "067",
    "053",
    "011",
    "068",
    "144",
    "122",
    "067",
    "023",
    "137",
    "040",
    "077",
    "145",
    "016",
    "005",
    "115",
    "128",
    "053",
    "022",
    "080",
    "005",
    "131",
    "139",
    "033",
    "103",
    "142",
    "149",
    "112",
    "074",
    "126",
    "090",
    "140",
    "006",
    "080",
    "076",
    "126",
    "094",
    "133",
    "018",
    "077",
    "006",
    "095",
    "080",
    "084",
    "099",
    "038",
    "149",
    "112",
    "074",
    "046",
    "038",
    "071",
    "149",
    "114",
    "080",
    "017",
    "103",
    "105",
    "096",
    "028",
    "128",
    "005",
    "088",
    "138",
    "135",
    "006",
    "028",
    "095",
    "126",
    "084",
    "104",
    "102",
    "006",
    "114",
    "153",
    "147",
    "051"
  ],
  "init_select": 156,
  "later_select": 146,
  "covered_task_count": 184,
  "round_details": [
    {
      "round": 0,
      "recruited_workers": [
        "117",
        "083",
        "094"
      ],
      "completed_tasks": 3
    },
    {
      "round": 1,
      "recruited_workers": [
        "034",
        "125",
        "103",
        "079",
        "078",
        "144",
        "102"
      ],
      "completed_tasks": 10
    },
    {
      "round": 2,
      "recruited_workers": [
        "081",
        "010",
        "083",
        "064"
      ],
      "completed_tasks": 15
    },
    {
      "round": 3,
      "recruited_workers": [
        "084",
        "018"
      ],
      "completed_tasks": 17
    },
    {
      "round": 4,
      "recruited_workers": [
        "125",
        "082",
        "078",
        "147"
      ],
      "completed_tasks": 23
    },
    {
      "round": 5,
      "recruited_workers": [
        "063",
        "062",
        "053",
        "045",
        "008",
        "144",
        "147"
      ],
      "completed_tasks": 34
    },
    {
      "round": 6,
      "recruited_workers": [
        "145",
        "063",
        "062",
        "128",
        "046",
        "004",
        "130"
      ],
      "completed_tasks": 43
    },
    {
      "round": 7,
      "recruited_workers": [
        "145",
        "067",
        "047",
        "137",
        "044",
        "063",
        "153"
      ],
      "completed_tasks": 53
    },
    {
      "round": 8,
      "recruited_workers": [
        "026",
        "123",
        "044",
        "047",
        "017",
        "120",
        "125"
      ],
      "completed_tasks": 60
    },
    {
      "round": 9,
      "recruited_workers": [
        "050",
        "109",
        "067",
        "123",
        "063",
        "068",
        "031"
      ],
      "completed_tasks": 68
    },
    {
      "round": 10,
      "recruited_workers": [
        "050",
        "007",
        "037",
        "023",
        "063",
        "017",
        "124"
      ],
      "completed_tasks": 78
    },
    {
      "round": 11,
      "recruited_workers": [
        "050",
        "023",
        "062",
        "044",
        "024",
        "125"
      ],
      "completed_tasks": 84
    },
    {
      "round": 12,
      "recruited_workers": [
        "108",
        "109",
        "067",
        "053",
        "011",
        "068",
        "144"
      ],
      "completed_tasks": 94
    },
    {
      "round": 13,
      "recruited_workers": [
        "122",
        "067",
        "023",
        "137",
        "040"
      ],
      "completed_tasks": 100
    },
    {
      "round": 14,
      "recruited_workers": [
        "077",
        "145",
        "016",
        "005",
        "115",
        "128",
        "053"
      ],
      "completed_tasks": 108
    },
    {
      "round": 15,
      "recruited_workers": [
        "022",
        "080",
        "005",
        "131",
        "139",
        "033",
        "103"
      ],
      "completed_tasks": 118
    },
    {
      "round": 16,
      "recruited_workers": [
        "142",
        "149",
        "112",
        "074",
        "126",
        "090",
        "140"
      ],
      "completed_tasks": 126
    },
    {
      "round": 17,
      "recruited_workers": [
        "006",
        "080",
        "076",
        "126",
        "094",
        "133",
        "018"
      ],
      "completed_tasks": 135
    },
    {
      "round": 18,
      "recruited_workers": [
        "077",
        "006",
        "095",
        "080",
        "084",
        "099",
        "038"
      ],
      "completed_tasks": 142
    },
    {
      "round": 19,
      "recruited_workers": [
        "149",
        "112",
        "074",
        "046",
        "038"
      ],
      "completed_tasks": 151
    },
    {
      "round": 20,
      "recruited_workers": [
        "071",
        "149",
        "114",
        "080",
        "017",
        "103",
        "105"
      ],
      "completed_tasks": 161
    },
    {
      "round": 21,
      "recruited_workers": [
        "096",
        "028",
        "128",
        "005",
        "088",
        "138",
        "135"
      ],
      "completed_tasks": 169
    },
    {
      "round": 22,
      "recruited_workers": [
        "006",
        "028",
        "095",
        "126",
        "084",
        "104",
        "102"
      ],
      "completed_tasks": 178
    },
    {
      "round": 23,
      "recruited_workers": [
        "006",
        "114",
        "153",
        "147",
        "051"
      ],
      "completed_tasks": 184
    }
  ]
}