{
  "total_rounds": 23,
  "total_cost": 1783.5999999999995,
  "remaining_budget": 3216.399999999997,
  "selected_workers": [
    "088",
    "084",
    "138",
    "034",
    "125",
    "138",
    "084",
    "078",
    "119",
    "057",
    "083",
    "017",
    "045",
    "088",
    "125",
    "138",
    "078",
    "134",
    "018",
    "057",
    "045",
    "088",
    "125",
    "084",
    "126",
    "046",
    "078",
    "128",
    "126",
    "103",
    "153",
    "144",
    "038",
    "062",
    "074",
    "045",
    "027",
    "098",
    "016",
    "046",
    "015",
    "147",
    "150",
    "042",
    "004",
    "079",
    "031",
    "150",
    "039",
    "124",
    "074",
    "045",
    "132",
    "027",
    "000",
    "109",
    "026",
    "137",
    "123",
    "044",
    "039",
    "144",
    "155",
    "119",
    "152",
    "050",
    "128",
    "120",
    "027",
    "151",
    "150",
    "063",
    "050",
    "023",
    "067",
    "053",
    "130",
    "063",
    "145",
    "013",
    "137",
    "121",
    "117",
    "023",
    "047",
    "011",
    "045",
    "120",
    "151",
    "077",
    "122",
    "053",
    "074",
    "024",
    "120",
    "075",
    "059",
    "104",
    "015",
    "145",
    "056",
    "033",
    "005",
    "133",
    "035",
    "006",
    "080",
    "017",
    "021",
    "041",
    "006",
    "077",
    "041",
    "096",
    "149",
    "112",
    "028",
    "080",
    "112",
    "142",
    "074",
    "031",
    "149",
    "112",
    "139",
    "097",
    "142",
    "046",
    "135",
    "006",
    "080",
    "071",
    "114",
    "099",
    "005",
    "104",
    "102",
    "085",
    "149",
    "065",
    "088",
    "005",
    "002",
    "126",
    "147",
    "102",
    "114",
    "095",
    "094",
    "154",
    "072"
  ],
  "init_select": 156,
  "later_select": 151,
  "covered_task_count": 178
}