{
  "total_rounds": 24,
  "total_cost": 2934.5,
  "platform_utility": 845.8199999999988,
  "trusted_task_ratio": 0.39097744360902253,
  "remaining_budget": 7065.4999999999945,
  "selected_workers": [
    "083",
    "155",
    "101",
    "034",
    "094",
    "074",
    "117",
    "125",
    "055",
    "034",
    "103",
    "102",
    "057",
    "130",
    "150",
    "020",
    "091",
    "088",
    "102",
    "010",
    "120",
    "019",
    "084",
    "018",
    "073",
    "150",
    "147",
    "125",
    "082",
    "078",
    "020",
    "143",
    "058",
    "019",
    "045",
    "060",
    "053",
    "063",
    "008",
    "124",
    "051",
    "091",
    "062",
    "033",
    "128",
    "012",
    "072",
    "020",
    "068",
    "039",
    "054",
    "078",
    "044",
    "013",
    "084",
    "148",
    "102",
    "044",
    "033",
    "116",
    "067",
    "031",
    "060",
    "063",
    "004",
    "126",
    "123",
    "054",
    "119",
    "043",
    "138",
    "017",
    "079",
    "126",
    "000",
    "140",
    "044",
    "051",
    "137",
    "089",
    "033",
    "111",
    "075",
    "014",
    "098",
    "060",
    "019",
    "134",
    "075",
    "150",
    "153",
    "019",
    "043",
    "094",
    "084",
    "115",
    "005",
    "129",
    "131",
    "085",
    "072",
    "049",
    "061",
    "104",
    "074",
    "085",
    "127",
    "051",
    "066",
    "000",
    "144",
    "093",
    "111",
    "080",
    "074",
    "135",
    "090",
    "126",
    "127",
    "057",
    "155",
    "073",
    "111",
    "072",
    "073",
    "057",
    "126",
    "138",
    "029",
    "076",
    "079",
    "105",
    "135",
    "126",
    "021",
    "066",
    "074",
    "150",
    "114",
    "143",
    "153",
    "144",
    "105",
    "119",
    "096",
    "150",
    "129",
    "045",
    "079",
    "000",
    "130",
    "155",
    "091",
    "006",
    "031",
    "143",
    "104",
    "094",
    "084",
    "045",
    "051",
    "000",
    "072",
    "147",
    "153"
  ],
  "init_select": 156,
  "later_select": 165,
  "covered_task_count": 133,
  "round_details": [
    {
      "round": 0,
      "recruited_workers": [
        "083",
        "155",
        "101",
        "034",
        "094",
        "074",
        "117"
      ],
      "recruited_count": 7
    },
    {
      "round": 1,
      "recruited_workers": [
        "125",
        "055",
        "034",
        "103",
        "102",
        "057",
        "130"
      ],
      "recruited_count": 7
    },
    {
      "round": 2,
      "recruited_workers": [
        "150",
        "020",
        "091",
        "088",
        "102",
        "010",
        "120"
      ],
      "recruited_count": 7
    },
    {
      "round": 3,
      "recruited_workers": [
        "019",
        "084",
        "018",
        "073"
      ],
      "recruited_count": 4
    },
    {
      "round": 4,
      "recruited_workers": [
        "150",
        "147",
        "125",
        "082",
        "078",
        "020",
        "143"
      ],
      "recruited_count": 7
    },
    {
      "round": 5,
      "recruited_workers": [
        "058",
        "019",
        "045",
        "060",
        "053",
        "063",
        "008"
      ],
      "recruited_count": 7
    },
    {
      "round": 6,
      "recruited_workers": [
        "124",
        "051",
        "091",
        "062",
        "033",
        "128",
        "012"
      ],
      "recruited_count": 7
    },
    {
      "round": 7,
      "recruited_workers": [
        "072",
        "020",
        "068",
        "039",
        "054",
        "078",
        "044"
      ],
      "recruited_count": 7
    },
    {
      "round": 8,
      "recruited_workers": [
        "013",
        "084",
        "148",
        "102",
        "044",
        "033",
        "116"
      ],
      "recruited_count": 7
    },
    {
      "round": 9,
      "recruited_workers": [
        "067",
        "031",
        "060",
        "063",
        "004",
        "126",
        "123"
      ],
      "recruited_count": 7
    },
    {
      "round": 10,
      "recruited_workers": [
        "054",
        "119",
        "043",
        "138",
        "017",
        "079",
        "126"
      ],
      "recruited_count": 7
    },
    {
      "round": 11,
      "recruited_workers": [
        "000",
        "140",
        "044",
        "051",
        "137",
        "089",
        "033"
      ],
      "recruited_count": 7
    },
    {
      "round": 12,
      "recruited_workers": [
        "111",
        "075",
        "014",
        "098",
        "060",
        "019",
        "134"
      ],
      "recruited_count": 7
    },
    {
      "round": 13,
      "recruited_workers": [
        "075",
        "150",
        "153",
        "019",
        "043",
        "094",
        "084"
      ],
      "recruited_count": 7
    },
    {
      "round": 14,
      "recruited_workers": [
        "115",
        "005",
        "129",
        "131",
        "085",
        "072",
        "049"
      ],
      "recruited_count": 7
    },
    {
      "round": 15,
      "recruited_workers": [
        "061",
        "104",
        "074",
        "085",
        "127",
        "051",
        "066"
      ],
      "recruited_count": 7
    },
    {
      "round": 16,
      "recruited_workers": [
        "000",
        "144",
        "093",
        "111",
        "080",
        "074",
        "135"
      ],
      "recruited_count": 7
    },
    {
      "round": 17,
      "recruited_workers": [
        "090",
        "126",
        "127",
        "057",
        "155",
        "073",
        "111"
      ],
      "recruited_count": 7
    },
    {
      "round": 18,
      "recruited_workers": [
        "072",
        "073",
        "057",
        "126",
        "138",
        "029",
        "076"
      ],
      "recruited_count": 7
    },
    {
      "round": 19,
      "recruited_workers": [
        "079",
        "105",
        "135",
        "126",
        "021",
        "066",
        "074"
      ],
      "recruited_count": 7
    },
    {
      "round": 20,
      "recruited_workers": [
        "150",
        "114",
        "143",
        "153",
        "144",
        "105",
        "119"
      ],
      "recruited_count": 7
    },
    {
      "round": 21,
      "recruited_workers": [
        "096",
        "150",
        "129",
        "045",
        "079",
        "000",
        "130"
      ],
      "recruited_count": 7
    },
    {
      "round": 22,
      "recruited_workers": [
        "155",
        "091",
        "006",
        "031",
        "143",
        "104",
        "094"
      ],
      "recruited_count": 7
    },
    {
      "round": 23,
      "recruited_workers": [
        "084",
        "045",
        "051",
        "000",
        "072",
        "147",
        "153"
      ],
      "recruited_count": 7
    }
  ]
}